genes,functions,ir_count,region,id,start,end,size
gene-b0001,thrL,10,coding,gene-b0001,189,255,67
gene-b0002,thrA,652,coding,gene-b0002,336,2799,2464
gene-b0003,thrB,233,coding,gene-b0003,2800,3733,934
gene-b0004,thrC,364,coding,gene-b0004,3733,5020,1288
gene-b0005,yaaX,93,coding,gene-b0005,5233,5530,298
gene-b0006,yaaA,231,coding,gene-b0006,5682,6459,778
gene-b0007,yaaJ,342,coding,gene-b0007,6528,7959,1432
gene-b0008,talB,260,coding,gene-b0008,8237,9191,955
gene-b0009,mog,176,coding,gene-b0009,9305,9893,589
gene-b0010,satP,132,coding,gene-b0010,9927,10494,568
gene-b0011,yaaW,69,coding,gene-b0011,10642,11356,715
gene-b0013,yaaI,102,coding,gene-b0013,11381,11786,406
gene-b0014,dnaK,576,coding,gene-b0014,12162,14079,1918
gene-b0015,dnaJ,330,coding,gene-b0015,14167,15298,1132
gene-b0016,insL1,322,coding,gene-b0016,15444,16557,1114
gene-b0018,mokC,21,coding,gene-b0018,16750,16960,211
gene-b0019,nhaA,288,coding,gene-b0019,17488,18655,1168
gene-b0020,nhaR,248,coding,gene-b0020,18714,19620,907
gene-b0021,insB1,133,coding,gene-b0021,19810,20314,505
gene-b0022,insA1,49,coding,gene-b0022,20232,20508,277
gene-b0023,rpsT,108,coding,gene-b0023,20814,21078,265
gene-b0024,yaaY,64,coding,gene-b0024,21180,21399,220
gene-b0025,ribF,273,coding,gene-b0025,21406,22348,943
gene-b0026,ileS,744,coding,gene-b0026,22390,25207,2818
gene-b0027,lspA,126,coding,gene-b0027,25206,25701,496
gene-b0028,fkpB,126,coding,gene-b0028,25825,26275,451
gene-b0029,ispH,256,coding,gene-b0029,26276,27227,952
gene-b0030,rihC,262,coding,gene-b0030,27292,28207,916
gene-b0031,dapB,245,coding,gene-b0031,28373,29195,823
gene-b0032,carA,370,coding,gene-b0032,29650,30799,1150
gene-b0033,carB,919,coding,gene-b0033,30816,34038,3223
gene-b0034,caiF,134,coding,gene-b0034,34299,34695,397
gene-b0035,caiE,137,coding,gene-b0035,34780,35371,592
gene-b0036,caiD,235,coding,gene-b0036,35376,36162,787
gene-b0037,caiC,432,coding,gene-b0037,36270,37824,1555
gene-b0038,caiB,320,coding,gene-b0038,37897,39115,1219
gene-b0039,caiA,325,coding,gene-b0039,39243,40386,1144
gene-b0040,caiT,348,coding,gene-b0040,40416,41931,1516
gene-b0041,fixA,279,coding,gene-b0041,42402,43173,772
gene-b0042,fixB,245,coding,gene-b0042,43187,44129,943
gene-b0043,fixC,360,coding,gene-b0043,44179,45466,1288
gene-b0044,fixX,69,coding,gene-b0044,45462,45750,289
gene-b0045,yaaU,289,coding,gene-b0045,45806,47138,1333
gene-b0046,kefF,148,coding,gene-b0046,47245,47776,532
gene-b0047,kefC,431,coding,gene-b0047,47768,49631,1864
gene-b0048,folA,146,coding,gene-b0048,49822,50302,481
gene-b0049,apaH,207,coding,gene-b0049,50379,51222,844
gene-b0050,apaG,103,coding,gene-b0050,51228,51606,379
gene-b0051,rsmA,209,coding,gene-b0051,51608,52430,823
gene-b0052,pdxA,244,coding,gene-b0052,52426,53416,991
gene-b0053,surA,343,coding,gene-b0053,53415,54702,1288
gene-b0054,lptD,609,coding,gene-b0054,54754,57109,2356
gene-b0055,djlA,227,coding,gene-b0055,57363,58179,817
gene-b0056,yabP,207,coding,gene-b0056,58473,59124,652
gene-b0057,yabQ,47,coding,gene-b0057,59120,59279,160
gene-b0058,rluA,236,coding,gene-b0058,59686,60346,661
gene-b0059,rapA,780,coding,gene-b0059,60357,63264,2908
gene-b0060,polB,640,coding,gene-b0060,63428,65780,2353
gene-b0061,araD,169,coding,gene-b0061,65854,66550,697
gene-b0062,araA,431,coding,gene-b0062,66834,68337,1504
gene-b0063,araB,450,coding,gene-b0063,68347,70048,1702
gene-b0064,araC,273,coding,gene-b0064,70386,71265,880
gene-b0065,yabI,200,coding,gene-b0065,71350,72115,766
gene-b0066,thiQ,207,coding,gene-b0066,72228,72927,700
gene-b0067,thiP,393,coding,gene-b0067,72910,74521,1612
gene-b0068,thiB,246,coding,gene-b0068,74496,75480,985
gene-b0069,sgrR,441,coding,gene-b0069,75643,77299,1657
gene-b0070,setA,253,coding,gene-b0070,77620,78799,1180
gene-b0071,leuD,155,coding,gene-b0071,78847,79453,607
gene-b0072,leuC,381,coding,gene-b0072,79463,80864,1402
gene-b0073,leuB,315,coding,gene-b0073,80866,81958,1093
gene-b0074,leuA,401,coding,gene-b0074,81957,83529,1573
gene-b0075,leuL,18,coding,gene-b0075,83621,83708,88
gene-b0076,leuO,324,coding,gene-b0076,84367,85312,946
gene-b0077,ilvI,453,coding,gene-b0077,85629,87354,1726
gene-b0078,ilvH,115,coding,gene-b0078,87356,87848,493
gene-b0080,cra,284,coding,gene-b0080,88027,89032,1006
gene-b0081,mraZ,151,coding,gene-b0081,89633,90092,460
gene-b0082,rsmH,241,coding,gene-b0082,90093,91035,943
gene-b0083,ftsL,76,coding,gene-b0083,91031,91397,367
gene-b0084,ftsI,279,coding,gene-b0084,91412,93179,1768
gene-b0085,murE,378,coding,gene-b0085,93165,94653,1489
gene-b0086,murF,372,coding,gene-b0086,94649,96008,1360
gene-b0087,mraY,225,coding,gene-b0087,96001,97084,1084
gene-b0088,murD,363,coding,gene-b0088,97086,98403,1318
gene-b0089,ftsW,308,coding,gene-b0089,98402,99647,1246
gene-b0090,murG,274,coding,gene-b0090,99643,100711,1069
gene-b0091,murC,441,coding,gene-b0091,100764,102240,1477
gene-b0092,ddlB,237,coding,gene-b0092,102232,103153,922
gene-b0093,ftsQ,215,coding,gene-b0093,103154,103985,832
gene-b0094,ftsA,339,coding,gene-b0094,103981,105244,1264
gene-b0095,ftsZ,300,coding,gene-b0095,105304,106456,1153
gene-b0096,lpxC,240,coding,gene-b0096,106556,107474,919
gene-b0097,secM,145,coding,gene-b0097,107704,108217,514
gene-b0098,secA,697,coding,gene-b0098,108278,110984,2707
gene-b0099,mutT,100,coding,gene-b0099,111043,111433,391
gene-b0101,yacG,68,coding,gene-b0101,111648,111846,199
gene-b0102,zapD,206,coding,gene-b0102,111855,112599,745
gene-b0103,coaE,167,coding,gene-b0103,112598,113219,622
gene-b0104,guaC,275,coding,gene-b0104,113443,114487,1045
gene-b0106,hofC,305,coding,gene-b0106,114521,115724,1204
gene-b0107,hofB,387,coding,gene-b0107,115713,117099,1387
gene-b0108,ppdD,99,coding,gene-b0108,117108,117549,442
gene-b0109,nadC,261,coding,gene-b0109,117751,118645,895
gene-b0110,ampD,151,coding,gene-b0110,118732,119284,553
gene-b0111,ampE,215,coding,gene-b0111,119280,120135,856
gene-b0112,aroP,340,coding,gene-b0112,120177,121551,1375
gene-b0113,pdhR,290,coding,gene-b0113,122091,122856,766
gene-b0114,aceE,707,coding,gene-b0114,123016,125680,2665
gene-b0115,aceF,487,coding,gene-b0115,125694,127587,1894
gene-b0116,lpd,398,coding,gene-b0116,127911,129336,1426
gene-b0117,yacH,498,coding,gene-b0117,129406,131260,1855
gene-b0118,acnB,733,coding,gene-b0118,131614,134212,2599
gene-b0119,yacL,103,coding,gene-b0119,134387,134750,364
gene-b0120,speD,218,coding,gene-b0120,134787,135582,796
gene-b0121,speE,219,coding,gene-b0121,135597,136464,868
gene-b0122,yacC,97,coding,gene-b0122,136569,136917,349
gene-b0123,cueO,418,coding,gene-b0123,137082,138633,1552
gene-b0124,gcd,652,coding,gene-b0124,138834,141225,2392
gene-b0125,hpt,161,coding,gene-b0125,141430,141967,538
gene-b0126,can,174,coding,gene-b0126,142007,142670,664
gene-b0127,yadG,226,coding,gene-b0127,142778,143705,928
gene-b0128,yadH,181,coding,gene-b0128,143701,144472,772
gene-b0129,yadI,122,coding,gene-b0129,144576,145017,442
gene-b0130,yadE,319,coding,gene-b0130,145080,146310,1231
gene-b0131,panD,92,coding,gene-b0131,146313,146694,382
gene-b0132,rpnC,257,coding,gene-b0132,146967,147870,904
gene-b0133,panC,240,coding,gene-b0133,147943,148795,853
gene-b0134,panB,202,coding,gene-b0134,148806,149601,796
gene-b0135,yadC,333,coding,gene-b0135,149714,150953,1240
gene-b0136,yadK,160,coding,gene-b0136,151002,151599,598
gene-b0137,yadL,148,coding,gene-b0137,151625,152231,607
gene-b0138,yadM,149,coding,gene-b0138,152242,152812,571
gene-b0139,htrE,725,coding,gene-b0139,152828,155426,2599
gene-b0140,yadV,208,coding,gene-b0140,155460,156201,742
gene-b0141,yadN,173,coding,gene-b0141,156298,156883,586
gene-b0142,folK,173,coding,gene-b0142,157252,157732,481
gene-b0143,pcnB,359,coding,gene-b0143,157728,159126,1399
gene-b0144,gluQ,240,coding,gene-b0144,159185,160112,928
gene-b0145,dksA,98,coding,gene-b0145,160148,160604,457
gene-b0146,sfsA,199,coding,gene-b0146,160781,161486,706
gene-b0147,thpR,137,coding,gene-b0147,161500,162031,532
gene-b0148,hrpB,621,coding,gene-b0148,162104,164534,2431
gene-b0149,mrcB,732,coding,gene-b0149,164729,167264,2536
gene-b0150,fhuA,613,coding,gene-b0150,167483,169727,2245
gene-b0151,fhuC,229,coding,gene-b0151,169777,170575,799
gene-b0152,fhuD,256,coding,gene-b0152,170574,171465,892
gene-b0153,fhuB,500,coding,gene-b0153,171461,173444,1984
gene-b0154,hemL,387,coding,gene-b0154,173601,174882,1282
gene-b0155,clcA,357,coding,gene-b0155,175106,176528,1423
gene-b0156,erpA,100,coding,gene-b0156,176609,176954,346
gene-b0157,yadS,154,coding,gene-b0157,177000,177624,625
gene-b0158,btuF,230,coding,gene-b0158,177661,178462,802
gene-b0159,mtn,191,coding,gene-b0159,178454,179153,700
gene-b0160,dgt,424,coding,gene-b0160,179236,180754,1519
gene-b0161,degP,377,coding,gene-b0161,180883,182308,1426
gene-b0162,cdaR,314,coding,gene-b0162,182462,183620,1159
gene-b0163,yaeH,111,coding,gene-b0163,183708,184095,388
gene-b0164,yaeI,202,coding,gene-b0164,184256,185069,814
gene-b0166,dapD,216,coding,gene-b0166,185122,185947,826
gene-b0167,glnD,717,coding,gene-b0167,185977,188650,2674
gene-b0168,map,219,coding,gene-b0168,188711,189506,796
gene-b0169,rpsB,212,coding,gene-b0169,189873,190599,727
gene-b0170,tsf,255,coding,gene-b0170,190856,191708,853
gene-b0171,pyrH,203,coding,gene-b0171,191854,192580,727
gene-b0172,frr,199,coding,gene-b0172,192871,193429,559
gene-b0173,dxr,351,coding,gene-b0173,193520,194717,1198
gene-b0174,ispU,209,coding,gene-b0174,194902,195664,763
gene-b0175,cdsA,171,coding,gene-b0175,195676,196534,859
gene-b0176,rseP,299,coding,gene-b0176,196545,197898,1354
gene-b0177,bamA,646,coding,gene-b0177,197927,200360,2434
gene-b0178,skp,149,coding,gene-b0178,200481,200967,487
gene-b0179,lpxD,263,coding,gene-b0179,200970,201996,1027
gene-b0180,fabZ,125,coding,gene-b0180,202100,202556,457
gene-b0181,lpxA,230,coding,gene-b0181,202559,203348,790
gene-b0182,lpxB,303,coding,gene-b0182,203347,204496,1150
gene-b0183,rnhB,163,coding,gene-b0183,204492,205089,598
gene-b0184,dnaE,905,coding,gene-b0184,205125,208608,3484
gene-b0185,accA,250,coding,gene-b0185,208620,209580,961
gene-b0186,ldcC,543,coding,gene-b0186,209678,211820,2143
gene-b0187,yaeR,100,coding,gene-b0187,211876,212266,391
gene-b0188,tilS,374,coding,gene-b0188,212330,213629,1300
gene-b0189,rof,76,coding,gene-b0189,213677,213932,256
gene-b0190,yaeQ,153,coding,gene-b0190,214290,214836,547
gene-b0191,arfB,98,coding,gene-b0191,214832,215255,424
gene-b0192,nlpE,201,coding,gene-b0192,215268,215979,712
gene-b0193,yaeF,228,coding,gene-b0193,216178,217003,826
gene-b0194,proS,490,coding,gene-b0194,217056,218775,1720
gene-b0195,trmO,197,coding,gene-b0195,218886,219594,709
gene-b0196,rcsF,111,coding,gene-b0196,219590,219995,406
gene-b0197,metQ,209,coding,gene-b0197,220112,220928,817
gene-b0198,metI,139,coding,gene-b0198,220967,221621,655
gene-b0199,metN,255,coding,gene-b0199,221613,222645,1033
gene-b0200,gmhB,156,coding,gene-b0200,222832,223408,577
gene-b0201,rrsH,450,coding,gene-b0201,223770,225312,1543
gene-b0202,ileV,28,coding,gene-b0202,225380,225457,78
gene-b0203,alaV,27,coding,gene-b0203,225499,225575,77
gene-b0204,rrlH,696,coding,gene-b0204,225758,228662,2905
gene-b0205,rrfH,40,coding,gene-b0205,228755,228875,121
gene-b0206,aspU,20,coding,gene-b0206,228927,229004,78
gene-b0207,dkgB,219,coding,gene-b0207,229166,229970,805
gene-b0208,yafC,231,coding,gene-b0208,229966,230881,916
gene-b0209,yafD,232,coding,gene-b0209,231121,231922,802
gene-b0210,yafE,179,coding,gene-b0210,231925,232549,625
gene-b0211,mltD,363,coding,gene-b0211,232596,233955,1360
gene-b0212,gloB,137,coding,gene-b0212,234026,234782,757
gene-b0213,yafS,188,coding,gene-b0213,234815,235538,724
gene-b0214,rnhA,113,coding,gene-b0214,235534,236002,469
gene-b0215,dnaQ,203,coding,gene-b0215,236066,236798,733
gene-b0216,aspV,33,coding,gene-b0216,236930,237007,78
gene-b0217,yafT,261,coding,gene-b0217,237334,238120,787
gene-b0219,yafV,255,coding,gene-b0219,239418,240189,772
gene-b0220,ivy,145,coding,gene-b0220,240342,240816,475
gene-b0221,fadE,643,coding,gene-b0221,240858,243303,2446
gene-b0222,gmhA,176,coding,gene-b0222,243542,244121,580
gene-b0223,yafJ,226,coding,gene-b0223,244326,245094,769
gene-b0224,dpaA,188,coding,gene-b0224,245064,245805,742
gene-b0225,yafQ,86,coding,gene-b0225,245960,246239,280
gene-b0226,dinJ,80,coding,gene-b0226,246241,246502,262
gene-b0227,yafL,202,coding,gene-b0227,246711,247461,751
gene-b0228,rayT,170,coding,gene-b0228,247636,248134,499
gene-b0231,dinB,324,coding,gene-b0231,250897,251953,1057
gene-b0232,yafN,79,coding,gene-b0232,252004,252298,295
gene-b0233,yafO,95,coding,gene-b0233,252300,252699,400
gene-b0234,yafP,127,coding,gene-b0234,252708,253161,454
gene-b0237,pepD,412,coding,gene-b0237,254258,255716,1459
gene-b0238,gpt,142,coding,gene-b0238,255976,256435,460
gene-b0239,frsA,332,coding,gene-b0239,256526,257771,1246
gene-b0241,phoE,344,coding,gene-b0241,259044,260100,1057
gene-b0242,proB,354,coding,gene-b0242,260387,261491,1105
gene-b0243,proA,343,coding,gene-b0243,261502,262756,1255
gene-b0244,thrW,25,coding,gene-b0244,262870,262946,77
gene-b0245,ykfI,139,coding,gene-b0245,263327,263669,343
gene-b0246,yafW,77,coding,gene-b0246,263689,264007,319
gene-b0247,ykfG,139,coding,gene-b0247,264255,264732,478
gene-b0248,yafX,106,coding,gene-b0248,264747,265206,460
gene-b0249,ykfF,55,coding,gene-b0249,265303,265543,241
gene-b0250,ykfB,122,coding,gene-b0250,265619,266087,469
gene-b0251,yafY,104,coding,gene-b0251,266109,266553,445
gene-b0252,yafZ,269,coding,gene-b0252,267183,268005,823
gene-b0253,ykfA,237,coding,gene-b0253,268096,268960,865
gene-b0254,perR,255,coding,gene-b0254,269288,270182,895
gene-b0256,insI1,344,coding,gene-b0256,270602,271754,1153
gene-b0258,ykfC,313,coding,gene-b0258,272846,273992,1147
gene-b0259,insH1,268,coding,gene-b0259,274100,275081,982
gene-b0260,mmuP,342,coding,gene-b0260,275324,276728,1405
gene-b0261,mmuM,273,coding,gene-b0261,276714,277647,934
gene-b0262,afuC,324,coding,gene-b0262,277755,278802,1048
gene-b0264,insB2,146,coding,gene-b0264,279177,279681,505
gene-b0265,insA2,47,coding,gene-b0265,279599,279875,277
gene-b0266,yagB,140,coding,gene-b0266,280384,280735,352
gene-b0267,yagA,323,coding,gene-b0267,280828,281983,1156
gene-b0268,yagE,262,coding,gene-b0268,282277,283186,910
gene-b0269,yagF,718,coding,gene-b0269,283200,285168,1969
gene-b0270,yagG,402,coding,gene-b0270,285394,286777,1384
gene-b0271,yagH,503,coding,gene-b0271,286788,288399,1612
gene-b0272,xynR,243,coding,gene-b0272,288403,289162,760
gene-b0273,argF,269,coding,gene-b0273,289300,290305,1006
gene-b0274,insB3,102,coding,gene-b0274,290648,291152,505
gene-b0275,insA3,47,coding,gene-b0275,291070,291346,277
gene-b0276,yagJ,203,coding,gene-b0276,291499,292231,733
gene-b0277,yagK,181,coding,gene-b0277,292321,292948,628
gene-b0278,yagL,245,coding,gene-b0278,293219,293918,700
gene-b0279,yagM,230,coding,gene-b0279,293944,294799,856
gene-b0280,yagN,115,coding,gene-b0280,295138,295579,442
gene-b0281,intF,373,coding,gene-b0281,295695,297096,1402
gene-b0282,yagP,130,coding,gene-b0282,297380,297791,412
gene-b0283,paoD,256,coding,gene-b0283,297769,298726,958
gene-b0284,paoC,596,coding,gene-b0284,298735,300934,2200
gene-b0285,paoB,267,coding,gene-b0285,300930,301887,958
gene-b0286,paoA,160,coding,gene-b0286,301883,302573,691
gene-b0287,yagU,196,coding,gene-b0287,302990,303605,616
gene-b0288,ykgJ,110,coding,gene-b0288,303852,304182,331
gene-b0289,ecpE,230,coding,gene-b0289,304494,305205,712
gene-b0290,ecpD,411,coding,gene-b0290,305173,306817,1645
gene-b0291,ecpC,663,coding,gene-b0291,306806,309332,2527
gene-b0292,ecpB,172,coding,gene-b0292,309357,310026,670
gene-b0293,ecpA,162,coding,gene-b0293,310083,310671,589
gene-b0294,matA,167,coding,gene-b0294,310745,311336,592
gene-b0295,ykgL,111,coding,gene-b0295,312111,312339,229
gene-b0296,ykgM,75,coding,gene-b0296,312513,312777,265
gene-b0298,insE1,128,coding,gene-b0298,315290,315590,301
gene-b0299,insF1,284,coding,gene-b0299,315586,316453,868
gene-b0301,rclC,180,coding,gene-b0301,317725,318319,595
gene-b0303,rclB,79,coding,gene-b0303,318330,318567,238
gene-b0304,rclA,384,coding,gene-b0304,318675,320001,1327
gene-b0305,rclR,259,coding,gene-b0305,320226,321081,856
gene-b0306,ykgE,211,coding,gene-b0306,321607,322327,721
gene-b0307,ykgF,356,coding,gene-b0307,322337,323765,1429
gene-b0308,ykgG,165,coding,gene-b0308,323757,324453,697
gene-b0310,ykgH,205,coding,gene-b0310,324695,325364,670
gene-b0311,betA,444,coding,gene-b0311,325576,327247,1672
gene-b0312,betB,457,coding,gene-b0312,327260,328733,1474
gene-b0313,betI,162,coding,gene-b0313,328746,329334,589
gene-b0314,betT,488,coding,gene-b0314,329462,331496,2035
gene-b0315,pdeL,305,coding,gene-b0315,332370,333459,1090
gene-b0316,yahB,254,coding,gene-b0316,333500,334433,934
gene-b0317,yahC,102,coding,gene-b0317,334524,335022,499
gene-b0318,yahD,189,coding,gene-b0318,335279,335885,607
gene-b0319,yahE,222,coding,gene-b0319,335924,336788,865
gene-b0320,yahF,430,coding,gene-b0320,336777,338325,1549
gene-b0321,yahG,393,coding,gene-b0321,338324,339743,1420
gene-b0322,yahH,78,coding,gene-b0322,339768,340089,322
gene-b0323,yahI,267,coding,gene-b0323,340164,341115,952
gene-b0324,yahJ,353,coding,gene-b0324,341124,342507,1384
gene-b0325,yahK,315,coding,gene-b0325,342883,343933,1051
gene-b0326,yahL,273,coding,gene-b0326,344175,344991,817
gene-b0327,yahM,105,coding,gene-b0327,345403,345649,247
gene-b0328,yahN,146,coding,gene-b0328,345665,346337,673
gene-b0329,yahO,79,coding,gene-b0329,346483,346759,277
gene-b0330,prpR,422,coding,gene-b0330,346856,348443,1588
gene-b0331,prpB,291,coding,gene-b0331,348681,349572,892
gene-b0333,prpC,315,coding,gene-b0333,350011,351181,1171
gene-b0334,prpD,390,coding,gene-b0334,351214,352666,1453
gene-b0335,prpE,491,coding,gene-b0335,352705,354592,1888
gene-b0336,codB,339,coding,gene-b0336,354921,356181,1261
gene-b0337,codA,341,coding,gene-b0337,356170,357454,1285
gene-b0338,cynR,260,coding,gene-b0338,357790,358690,901
gene-b0339,cynT,207,coding,gene-b0339,358798,359458,661
gene-b0340,cynS,140,coding,gene-b0340,359488,359959,472
gene-b0341,cynX,288,coding,gene-b0341,359991,361146,1156
gene-b0342,lacA,161,coding,gene-b0342,361248,361860,613
gene-b0343,lacY,278,coding,gene-b0343,361925,363179,1255
gene-b0344,lacZ,873,coding,gene-b0344,363230,366305,3076
gene-b0345,lacI,305,coding,gene-b0345,366427,367510,1084
gene-b0346,mhpR,218,coding,gene-b0346,367586,368420,835
gene-b0347,mhpA,524,coding,gene-b0347,368610,370275,1666
gene-b0348,mhpB,258,coding,gene-b0348,370276,371221,946
gene-b0349,mhpC,221,coding,gene-b0349,371238,372105,868
gene-b0350,mhpD,230,coding,gene-b0350,372114,372924,811
gene-b0351,mhpF,259,coding,gene-b0351,372920,373871,952
gene-b0352,mhpE,266,coding,gene-b0352,373867,374881,1015
gene-b0353,mhpT,346,coding,gene-b0353,375458,376670,1213
gene-b0354,yaiL,138,coding,gene-b0354,376771,377311,541
gene-b0355,frmB,249,coding,gene-b0355,377534,378368,835
gene-b0356,frmA,302,coding,gene-b0356,378461,379571,1111
gene-b0357,frmR,60,coding,gene-b0357,379605,379881,277
gene-b0358,yaiO,201,coding,gene-b0358,380068,380842,775
gene-b0360,insC1,134,coding,gene-b0360,381350,381716,367
gene-b0361,insD1,208,coding,gene-b0361,381673,382579,907
gene-b0363,yaiP,290,coding,gene-b0363,382738,383935,1198
gene-b0364,yaiS,154,coding,gene-b0364,384058,384616,559
gene-b0365,tauA,282,coding,gene-b0365,385231,386194,964
gene-b0366,tauB,177,coding,gene-b0366,386206,386974,769
gene-b0367,tauC,206,coding,gene-b0367,386970,387798,829
gene-b0368,tauD,229,coding,gene-b0368,387794,388646,853
gene-b0369,hemB,271,coding,gene-b0369,388752,389727,976
gene-b0372,insF2,295,coding,gene-b0372,391738,392605,868
gene-b0373,insE2,78,coding,gene-b0373,392601,392901,301
gene-b0375,iprA,211,coding,gene-b0375,394505,395129,625
gene-b0376,ampH,324,coding,gene-b0376,395129,396287,1159
gene-b0377,sbmA,335,coding,gene-b0377,396638,397859,1222
gene-b0378,yaiW,249,coding,gene-b0378,397871,398966,1096
gene-b0379,yaiY,67,coding,gene-b0379,399024,399333,310
gene-b0380,yaiZ,80,coding,gene-b0380,399592,399805,214
gene-b0381,ddlA,290,coding,gene-b0381,399828,400923,1096
gene-b0382,iraP,144,coding,gene-b0382,401385,401646,262
gene-b0383,phoA,375,coding,gene-b0383,401746,403162,1417
gene-b0384,psiF,76,coding,gene-b0384,403280,403601,322
gene-b0385,dgcC,299,coding,gene-b0385,403702,404818,1117
gene-b0386,proC,221,coding,gene-b0386,404834,405644,811
gene-b0387,yaiI,145,coding,gene-b0387,405763,406222,460
gene-b0388,aroL,158,coding,gene-b0388,406404,406929,526
gene-b0389,yaiA,41,coding,gene-b0389,406978,407170,193
gene-b0390,aroM,195,coding,gene-b0390,407427,408105,679
gene-b0391,ppnP,82,coding,gene-b0391,408176,408461,286
gene-b0393,rdgC,240,coding,gene-b0393,409107,410019,913
gene-b0394,mak,239,coding,gene-b0394,410143,411052,910
gene-b0396,araJ,312,coding,gene-b0396,411296,412481,1186
gene-b0397,sbcC,829,coding,gene-b0397,412606,415753,3148
gene-b0398,sbcD,310,coding,gene-b0398,415749,416952,1204
gene-b0399,phoB,205,coding,gene-b0399,417141,417831,691
gene-b0400,phoR,360,coding,gene-b0400,417888,419184,1297
gene-b0401,brnQ,364,coding,gene-b0401,419590,420910,1321
gene-b0402,proY,305,coding,gene-b0402,420985,422359,1375
gene-b0403,malZ,493,coding,gene-b0403,422517,424332,1816
gene-b0404,acpH,147,coding,gene-b0404,424336,424918,583
gene-b0405,queA,324,coding,gene-b0405,425010,426081,1072
gene-b0406,tgt,302,coding,gene-b0406,426136,427264,1129
gene-b0407,yajC,70,coding,gene-b0407,427286,427619,334
gene-b0408,secD,455,coding,gene-b0408,427646,429494,1849
gene-b0409,secF,216,coding,gene-b0409,429504,430476,973
gene-b0410,yajD,86,coding,gene-b0410,430604,430952,349
gene-b0411,tsx,248,coding,gene-b0411,431128,432013,886
gene-b0412,yajI,167,coding,gene-b0412,432311,432851,541
gene-b0413,nrdR,133,coding,gene-b0413,433001,433451,451
gene-b0414,ribD,326,coding,gene-b0414,433454,434558,1105
gene-b0415,ribE,137,coding,gene-b0415,434646,435117,472
gene-b0416,nusB,103,coding,gene-b0416,435136,435556,421
gene-b0417,thiL,272,coding,gene-b0417,435633,436611,979
gene-b0418,pgpA,106,coding,gene-b0418,436588,437107,520
gene-b0419,yajO,272,coding,gene-b0419,437160,438135,976
gene-b0420,dxs,506,coding,gene-b0420,438314,440177,1864
gene-b0421,ispA,246,coding,gene-b0421,440201,441101,901
gene-b0422,xseB,63,coding,gene-b0422,441100,441343,244
gene-b0423,thiI,415,coding,gene-b0423,441548,442997,1450
gene-b0424,yajL,152,coding,gene-b0424,443050,443641,592
gene-b0425,panE,236,coding,gene-b0425,443603,444515,913
gene-b0426,yajQ,136,coding,gene-b0426,444682,445174,493
gene-b0427,yajR,359,coding,gene-b0427,445301,446666,1366
gene-b0428,cyoE,208,coding,gene-b0428,446814,447705,892
gene-b0429,cyoD,87,coding,gene-b0429,447716,448046,331
gene-b0430,cyoC,134,coding,gene-b0430,448045,448660,616
gene-b0431,cyoB,484,coding,gene-b0431,448649,450641,1993
gene-b0432,cyoA,246,coding,gene-b0432,450662,451610,949
gene-b0433,ampG,402,coding,gene-b0433,452069,453545,1477
gene-b0434,yajG,137,coding,gene-b0434,453588,454167,580
gene-b0435,bolA,122,coding,gene-b0435,454471,454789,319
gene-b0436,tig,390,coding,gene-b0436,455132,456431,1300
gene-b0437,clpP,201,coding,gene-b0437,456676,457300,625
gene-b0438,clpX,355,coding,gene-b0438,457425,458700,1276
gene-b0439,lon,634,coding,gene-b0439,458887,461242,2356
gene-b0440,hupB,81,coding,gene-b0440,461450,461723,274
gene-b0441,ppiD,519,coding,gene-b0441,461914,463786,1873
gene-b0442,ybaV,87,coding,gene-b0442,463936,464308,373
gene-b0443,fadM,111,coding,gene-b0443,464401,464800,400
gene-b0444,queC,185,coding,gene-b0444,464851,465547,697
gene-b0445,ybaE,422,coding,gene-b0445,465611,467312,1702
gene-b0446,cof,208,coding,gene-b0446,467411,468230,820
gene-b0447,decR,152,coding,gene-b0447,468382,468841,460
gene-b0448,mdlA,431,coding,gene-b0448,468870,470643,1774
gene-b0449,mdlB,440,coding,gene-b0449,470635,472417,1783
gene-b0450,glnK,118,coding,gene-b0450,472597,472936,340
gene-b0451,amtB,281,coding,gene-b0451,472965,474252,1288
gene-b0452,tesB,246,coding,gene-b0452,474300,475161,862
gene-b0453,ybaY,176,coding,gene-b0453,475378,475951,574
gene-b0454,ybaZ,131,coding,gene-b0454,475981,476371,391
gene-b0455,ffs,35,coding,gene-b0455,476447,476561,115
gene-b0456,ybaA,77,coding,gene-b0456,476671,477025,355
gene-b0457,pdeB,416,coding,gene-b0457,477066,478617,1552
gene-b0458,ylaC,101,coding,gene-b0458,478780,479251,472
gene-b0459,maa,145,coding,gene-b0459,479366,479918,553
gene-b0460,hha,88,coding,gene-b0460,480089,480308,220
gene-b0461,tomB,91,coding,gene-b0461,480333,480708,376
gene-b0462,acrB,858,coding,gene-b0462,481253,484403,3151
gene-b0463,acrA,294,coding,gene-b0463,484425,485619,1195
gene-b0464,acrR,193,coding,gene-b0464,485760,486408,649
gene-b0465,mscK,873,coding,gene-b0465,486535,489898,3364
gene-b0466,ybaM,61,coding,gene-b0466,490109,490271,163
gene-b0467,priC,153,coding,gene-b0467,490284,490812,529
gene-b0468,ybaN,92,coding,gene-b0468,490881,491259,379
gene-b0469,apt,147,coding,gene-b0469,491411,491963,553
gene-b0470,dnaX,567,coding,gene-b0470,492091,494023,1933
gene-b0471,ybaB,76,coding,gene-b0471,494075,494405,331
gene-b0472,recR,164,coding,gene-b0472,494404,495010,607
gene-b0473,htpG,526,coding,gene-b0473,495119,496994,1876
gene-b0474,adk,185,coding,gene-b0474,497174,497819,646
gene-b0475,hemH,256,coding,gene-b0475,498054,499017,964
gene-b0476,aes,252,coding,gene-b0476,499013,499973,961
gene-b0477,gsk,351,coding,gene-b0477,500124,501429,1306
gene-b0478,ybaL,415,coding,gene-b0478,501561,503238,1678
gene-b0479,fsr,339,coding,gene-b0479,503475,504696,1222
gene-b0480,ushA,454,coding,gene-b0480,504913,506566,1654
gene-b0481,ybaK,151,coding,gene-b0481,506602,507082,481
gene-b0482,ybaP,208,coding,gene-b0482,507285,508080,796
gene-b0483,ybaQ,93,coding,gene-b0483,508217,508559,343
gene-b0484,copA,763,coding,gene-b0484,508874,511379,2506
gene-b0485,glsA,229,coding,gene-b0485,511640,512573,934
gene-b0486,ybaT,269,coding,gene-b0486,512575,513868,1294
gene-b0487,cueR,121,coding,gene-b0487,513992,514400,409
gene-b0488,ybbJ,94,coding,gene-b0488,514400,514859,460
gene-b0489,qmcA,219,coding,gene-b0489,514855,515773,919
gene-b0490,fetA,205,coding,gene-b0490,515918,516596,679
gene-b0491,fetB,217,coding,gene-b0491,516582,517362,781
gene-b0492,cnoX,252,coding,gene-b0492,517424,518279,856
gene-b0493,ybbO,218,coding,gene-b0493,518339,519149,811
gene-b0494,tesA,137,coding,gene-b0494,519138,519765,628
gene-b0495,ybbA,168,coding,gene-b0495,519732,520419,688
gene-b0496,ybbP,625,coding,gene-b0496,520415,522830,2416
gene-b0497,rhsD,1341,coding,gene-b0497,523260,527541,4282
gene-b0498,ybbC,128,coding,gene-b0498,527580,527949,370
gene-b0502,ylbG,140,coding,gene-b0502,529644,530016,373
gene-b0503,selU,303,coding,gene-b0503,530131,531226,1096
gene-b0504,allS,260,coding,gene-b0504,531294,532221,928
gene-b0505,allA,161,coding,gene-b0505,532450,532933,484
gene-b0506,allR,165,coding,gene-b0506,533010,533826,817
gene-b0507,gcl,469,coding,gene-b0507,533915,535697,1783
gene-b0508,hyi,216,coding,gene-b0508,535709,536486,778
gene-b0509,glxR,232,coding,gene-b0509,536585,537464,880
gene-b0511,ybbW,393,coding,gene-b0511,537632,539087,1456
gene-b0512,allB,358,coding,gene-b0512,539146,540508,1363
gene-b0513,ybbY,306,coding,gene-b0513,540564,541866,1303
gene-b0514,glxK,320,coding,gene-b0514,541887,543033,1147
gene-b0515,allE,217,coding,gene-b0515,543260,544046,787
gene-b0516,allC,317,coding,gene-b0516,544056,545292,1237
gene-b0517,allD,287,coding,gene-b0517,545313,546363,1051
gene-b0518,fdrA,533,coding,gene-b0518,546679,548347,1669
gene-b0520,ylbF,197,coding,gene-b0520,549626,550442,817
gene-b0521,ybcF,224,coding,gene-b0521,550438,551332,895
gene-b0522,purK,315,coding,gene-b0522,551526,552594,1069
gene-b0523,purE,142,coding,gene-b0523,552590,553100,511
gene-b0524,lpxH,211,coding,gene-b0524,553217,553940,724
gene-b0525,ppiB,113,coding,gene-b0525,553942,554437,496
gene-b0526,cysS,388,coding,gene-b0526,554610,555996,1387
gene-b0527,ybcI,109,coding,gene-b0527,556031,556553,523
gene-b0528,ybcJ,69,coding,gene-b0528,556660,556873,214
gene-b0529,folD,263,coding,gene-b0529,556874,557741,868
gene-b0530,sfmA,213,coding,gene-b0530,558211,558754,544
gene-b0531,sfmC,234,coding,gene-b0531,558973,559666,694
gene-b0532,sfmD,683,coding,gene-b0532,559696,562300,2605
gene-b0533,sfmH,282,coding,gene-b0533,562335,563319,985
gene-b0534,sfmF,130,coding,gene-b0534,563329,563845,517
gene-b0535,fimZ,221,coding,gene-b0535,563847,564480,634
gene-b0536,argU,43,coding,gene-b0536,564722,564799,78
gene-b0537,intD,300,coding,gene-b0537,564814,565978,1165
gene-b0540,insE3,125,coding,gene-b0540,566841,567141,301
gene-b0541,insF3,284,coding,gene-b0541,567137,568004,868
gene-b0543,emrE,118,coding,gene-b0543,568314,568647,334
gene-b0544,ybcK,499,coding,gene-b0544,568901,570428,1528
gene-b0545,ybcL,202,coding,gene-b0545,570892,571444,553
gene-b0546,ybcM,234,coding,gene-b0546,571453,572251,799
gene-b0547,ybcN,108,coding,gene-b0547,572465,572921,457
gene-b0548,ninE,32,coding,gene-b0548,572920,573091,172
gene-b0549,ybcO,48,coding,gene-b0549,573083,573374,292
gene-b0550,rusA,90,coding,gene-b0550,573370,573733,364
gene-b0551,quuD,97,coding,gene-b0551,573955,574339,385
gene-b0552,insH2,307,coding,gene-b0552,574736,575717,982
gene-b0554,essD,101,coding,gene-b0554,577397,577613,217
gene-b0555,rrrD,119,coding,gene-b0555,577612,578110,499
gene-b0556,rzpD,54,coding,gene-b0556,578106,578568,463
gene-b0557,borD,75,coding,gene-b0557,578599,578893,295
gene-b0558,ybcV,178,coding,gene-b0558,579183,579594,412
gene-b0559,ybcW,83,coding,gene-b0559,579879,580086,208
gene-b0560,nohD,202,coding,gene-b0560,580833,581379,547
gene-b0561,tfaD,146,coding,gene-b0561,581533,582097,565
gene-b0563,tfaX,111,coding,gene-b0563,582874,583060,187
gene-b0564,appY,339,coding,gene-b0564,583680,584430,751
gene-b0565,ompT,281,coding,gene-b0565,584679,585633,955
gene-b0566,envY,242,coding,gene-b0566,586146,586908,763
gene-b0567,ybcH,265,coding,gene-b0567,587090,587981,892
gene-b0568,nfrA,801,coding,gene-b0568,587981,590954,2974
gene-b0569,nfrB,608,coding,gene-b0569,590940,593178,2239
gene-b0570,cusS,375,coding,gene-b0570,593327,594770,1444
gene-b0571,cusR,177,coding,gene-b0571,594759,595443,685
gene-b0572,cusC,369,coding,gene-b0572,595599,596973,1375
gene-b0573,cusF,91,coding,gene-b0573,597130,597463,334
gene-b0574,cusB,325,coding,gene-b0574,597478,598702,1225
gene-b0575,cusA,788,coding,gene-b0575,598713,601857,3145
gene-b0576,pheP,325,coding,gene-b0576,601958,603335,1378
gene-b0577,ybdG,320,coding,gene-b0577,603415,604663,1249
gene-b0578,nfsB,154,coding,gene-b0578,604770,605424,655
gene-b0579,ybdF,82,coding,gene-b0579,605517,605886,370
gene-b0580,ybdJ,57,coding,gene-b0580,605950,606199,250
gene-b0581,ybdK,295,coding,gene-b0581,606264,607383,1120
gene-b0582,insL2,308,coding,gene-b0582,608064,609177,1114
gene-b0583,entD,200,coding,gene-b0583,609458,610079,622
gene-b0584,fepA,609,coding,gene-b0584,610253,612494,2242
gene-b0585,fes,348,coding,gene-b0585,612736,613939,1204
gene-b0586,entF,1073,coding,gene-b0586,614156,618038,3883
gene-b0587,fepE,323,coding,gene-b0587,618253,619387,1135
gene-b0588,fepC,196,coding,gene-b0588,619383,620199,817
gene-b0589,fepG,255,coding,gene-b0589,620195,621188,994
gene-b0590,fepD,275,coding,gene-b0590,621184,622189,1006
gene-b0591,entS,321,coding,gene-b0591,622299,623550,1252
gene-b0592,fepB,236,coding,gene-b0592,623553,624510,958
gene-b0593,entC,384,coding,gene-b0593,624884,626060,1177
gene-b0594,entE,423,coding,gene-b0594,626069,627680,1612
gene-b0595,entB,237,coding,gene-b0595,627693,628551,859
gene-b0596,entA,206,coding,gene-b0596,628550,629297,748
gene-b0597,entH,99,coding,gene-b0597,629299,629713,415
gene-b0598,cstA,550,coding,gene-b0598,629893,631999,2107
gene-b0599,hcxA,275,coding,gene-b0599,632388,633477,1090
gene-b0600,ybdL,327,coding,gene-b0600,633585,634746,1162
gene-b0601,ybdM,181,coding,gene-b0601,634746,635376,631
gene-b0602,ybdN,314,coding,gene-b0602,635348,636569,1222
gene-b0603,ybdO,295,coding,gene-b0603,636715,637618,904
gene-b0604,dsbG,212,coding,gene-b0604,637826,638573,748
gene-b0605,ahpC,181,coding,gene-b0605,638944,639508,565
gene-b0606,ahpF,435,coding,gene-b0606,639752,641318,1567
gene-b0607,uspG,135,coding,gene-b0607,641438,641867,430
gene-b0608,ybdR,291,coding,gene-b0608,642087,643326,1240
gene-b0610,rnk,120,coding,gene-b0610,643556,643967,412
gene-b0611,rna,225,coding,gene-b0611,644196,645003,808
gene-b0612,citT,352,coding,gene-b0612,645116,646580,1465
gene-b0613,citG,270,coding,gene-b0613,646630,647509,880
gene-b0614,citX,138,coding,gene-b0614,647483,648035,553
gene-b0615,citF,422,coding,gene-b0615,648038,649571,1534
gene-b0616,citE,255,coding,gene-b0616,649581,650490,910
gene-b0617,citD,84,coding,gene-b0617,650486,650783,298
gene-b0618,citC,251,coding,gene-b0618,650797,651856,1060
gene-b0619,dpiB,511,coding,gene-b0619,652234,653893,1660
gene-b0620,dpiA,161,coding,gene-b0620,653861,654542,682
gene-b0621,dcuC,316,coding,gene-b0621,654582,655968,1387
gene-b0622,pagP,194,coding,gene-b0622,656556,657117,562
gene-b0623,cspE,83,coding,gene-b0623,657291,657501,211
gene-b0624,crcB,88,coding,gene-b0624,657554,657938,385
gene-b0627,tatE,78,coding,gene-b0627,658946,659150,205
gene-b0628,lipA,260,coding,gene-b0628,659250,660216,967
gene-b0629,ybeF,284,coding,gene-b0629,660424,661378,955
gene-b0630,lipB,164,coding,gene-b0630,661636,662278,643
gene-b0631,ybeD,45,coding,gene-b0631,662378,662642,265
gene-b0632,dacA,358,coding,gene-b0632,662751,663963,1213
gene-b0633,rlpA,293,coding,gene-b0633,664101,665190,1090
gene-b0634,mrdB,254,coding,gene-b0634,665200,666313,1114
gene-b0635,mrdA,514,coding,gene-b0635,666315,668217,1903
gene-b0636,rlmH,129,coding,gene-b0636,668247,668715,469
gene-b0637,rsfS,82,coding,gene-b0637,668718,669036,319
gene-b0638,cobC,193,coding,gene-b0638,669295,669907,613
gene-b0639,nadD,150,coding,gene-b0639,669930,670572,643
gene-b0640,holA,298,coding,gene-b0640,670573,671605,1033
gene-b0641,lptE,159,coding,gene-b0641,671604,672186,583
gene-b0642,leuS,689,coding,gene-b0642,672200,674783,2584
gene-b0643,ybeL,153,coding,gene-b0643,675017,675500,484
gene-b0644,ybeQ,257,coding,gene-b0644,675569,676547,979
gene-b0645,ybeR,209,coding,gene-b0645,676710,677418,709
gene-b0646,djlB,369,coding,gene-b0646,677414,678842,1429
gene-b0647,ybeT,157,coding,gene-b0647,678851,679406,556
gene-b0648,ybeU,180,coding,gene-b0648,679507,680215,709
gene-b0649,djlC,326,coding,gene-b0649,680211,681663,1453
gene-b0650,hscC,483,coding,gene-b0650,681722,683393,1672
gene-b0651,rihA,247,coding,gene-b0651,683476,684412,937
gene-b0652,gltL,207,coding,gene-b0652,684529,685255,727
gene-b0653,gltK,154,coding,gene-b0653,685254,685929,676
gene-b0654,gltJ,188,coding,gene-b0654,685928,686669,742
gene-b0655,gltI,243,coding,gene-b0655,686838,687747,910
gene-b0656,insH3,285,coding,gene-b0656,687996,688977,982
gene-b0657,lnt,442,coding,gene-b0657,689342,690881,1540
gene-b0658,ybeX,207,coding,gene-b0658,690905,691784,880
gene-b0659,ybeY,116,coding,gene-b0659,691873,692341,469
gene-b0660,ybeZ,271,coding,gene-b0660,692337,693378,1042
gene-b0661,miaB,382,coding,gene-b0661,693530,694955,1426
gene-b0662,ubiF,333,coding,gene-b0662,695100,696276,1177
gene-b0664,glnX,45,coding,gene-b0664,696429,696504,76
gene-b0665,glnV,28,coding,gene-b0665,696541,696616,76
gene-b0666,metU,21,coding,gene-b0666,696663,696740,78
gene-b0668,glnW,22,coding,gene-b0668,696755,696830,76
gene-b0670,glnU,21,coding,gene-b0670,696864,696939,76
gene-b0672,leuW,19,coding,gene-b0672,696962,697047,86
gene-b0673,metT,18,coding,gene-b0673,697056,697133,78
gene-b0674,asnB,473,coding,gene-b0674,697512,699177,1666
gene-b0675,umpH,237,coding,gene-b0675,699573,700326,754
gene-b0676,nagC,346,coding,gene-b0676,700373,701594,1222
gene-b0677,nagA,273,coding,gene-b0677,701602,702751,1150
gene-b0678,nagB,188,coding,gene-b0678,702810,703611,802
gene-b0679,nagE,516,coding,gene-b0679,703943,705890,1948
gene-b0680,glnS,471,coding,gene-b0680,706092,707757,1666
gene-b0681,chiP,347,coding,gene-b0681,708333,709740,1408
gene-b0682,chiQ,82,coding,gene-b0682,709789,710116,328
gene-b0683,fur,114,coding,gene-b0683,710199,710646,448
gene-b0684,fldA,204,coding,gene-b0684,710934,711465,532
gene-b0685,ybfE,98,coding,gene-b0685,711604,711898,295
gene-b0686,ybfF,228,coding,gene-b0686,712037,712802,766
gene-b0687,seqA,162,coding,gene-b0687,712986,713532,547
gene-b0688,pgm,434,coding,gene-b0688,713557,715198,1642
gene-b0689,ybfP,151,coding,gene-b0689,715411,715906,496
gene-b0692,potE,358,coding,gene-b0692,716945,718265,1321
gene-b0693,speF,525,coding,gene-b0693,718261,720460,2200
gene-b0694,kdpE,246,coding,gene-b0694,721055,721733,679
gene-b0695,kdpD,697,coding,gene-b0695,721729,724414,2686
gene-b0696,kdpC,150,coding,gene-b0696,724406,724979,574
gene-b0697,kdpB,563,coding,gene-b0697,724987,727036,2050
gene-b0698,kdpA,384,coding,gene-b0698,727058,728732,1675
gene-b0699,ybfA,88,coding,gene-b0699,729133,729340,208
gene-b0700,rhsC,1232,coding,gene-b0700,729582,733776,4195
gene-b0702,ybfB,116,coding,gene-b0702,733775,734102,328
gene-b0704,ybfC,189,coding,gene-b0704,735649,736219,571
gene-b0706,ybfD,251,coding,gene-b0706,738091,738853,763
gene-b0707,ybgA,149,coding,gene-b0707,739000,739510,511
gene-b0708,phr,370,coding,gene-b0708,739506,740925,1420
gene-b0709,dtpD,360,coding,gene-b0709,741074,742556,1483
gene-b0710,ybgI,218,coding,gene-b0710,742826,743570,745
gene-b0711,pxpB,180,coding,gene-b0711,743592,744249,658
gene-b0712,pxpC,256,coding,gene-b0712,744242,745175,934
gene-b0713,pxpA,223,coding,gene-b0713,745164,745899,736
gene-b0714,nei,183,coding,gene-b0714,745934,746726,793
gene-b0715,abrB,243,coding,gene-b0715,746722,747769,1048
gene-b0716,ybgO,283,coding,gene-b0716,747920,748982,1063
gene-b0717,ybgP,196,coding,gene-b0717,748978,749707,730
gene-b0718,ybgQ,637,coding,gene-b0718,749721,752169,2449
gene-b0719,ybgD,148,coding,gene-b0719,752228,752795,568
gene-b0720,gltA,382,coding,gene-b0720,753184,754468,1285
gene-b0721,sdhC,132,coding,gene-b0721,755176,755566,391
gene-b0722,sdhD,65,coding,gene-b0722,755559,755907,349
gene-b0723,sdhA,461,coding,gene-b0723,755906,757673,1768
gene-b0724,sdhB,176,coding,gene-b0724,757688,758405,718
gene-b0726,sucA,803,coding,gene-b0726,758705,761507,2803
gene-b0727,sucB,304,coding,gene-b0727,761521,762739,1219
gene-b0728,sucC,351,coding,gene-b0728,763013,764180,1168
gene-b0729,sucD,238,coding,gene-b0729,764179,765049,871
gene-b0730,mngR,208,coding,gene-b0730,765152,765875,724
gene-b0731,mngA,495,coding,gene-b0731,765983,767960,1978
gene-b0732,mngB,713,coding,gene-b0732,767977,770611,2635
gene-b0733,cydA,431,coding,gene-b0733,771457,773026,1570
gene-b0734,cydB,269,coding,gene-b0734,773041,774181,1141
gene-b0735,ybgE,60,coding,gene-b0735,774308,774602,295
gene-b0736,ybgC,137,coding,gene-b0736,774751,775156,406
gene-b0737,tolQ,164,coding,gene-b0737,775152,775845,694
gene-b0738,tolR,117,coding,gene-b0738,775848,776277,430
gene-b0739,tolA,335,coding,gene-b0739,776341,777607,1267
gene-b0740,tolB,363,coding,gene-b0740,777739,779032,1294
gene-b0741,pal,155,coding,gene-b0741,779066,779588,523
gene-b0742,cpoB,209,coding,gene-b0742,779597,780389,793
gene-b0743,lysT,42,coding,gene-b0743,780553,780629,77
gene-b0744,valT,38,coding,gene-b0744,780764,780840,77
gene-b0745,lysW,16,coding,gene-b0745,780842,780918,77
gene-b0746,valZ,38,coding,gene-b0746,781067,781143,77
gene-b0747,lysY,16,coding,gene-b0747,781146,781222,77
gene-b0748,lysZ,41,coding,gene-b0748,781368,781444,77
gene-b0749,lysQ,29,coding,gene-b0749,781576,781652,77
gene-b0750,nadA,320,coding,gene-b0750,782084,783128,1045
gene-b0751,pnuC,184,coding,gene-b0751,783165,783885,721
gene-b0752,zitB,191,coding,gene-b0752,783881,784823,943
gene-b0753,ybgS,104,coding,gene-b0753,784936,785317,382
gene-b0754,aroG,298,coding,gene-b0754,785632,786685,1054
gene-b0755,gpmA,207,coding,gene-b0755,786842,787595,754
gene-b0756,galM,295,coding,gene-b0756,787796,788837,1042
gene-b0757,galK,312,coding,gene-b0757,788830,789979,1150
gene-b0758,galT,285,coding,gene-b0758,789982,791029,1048
gene-b0759,galE,285,coding,gene-b0759,791038,792055,1018
gene-b0760,modF,422,coding,gene-b0760,792315,793788,1474
gene-b0761,modE,210,coding,gene-b0761,793855,794644,790
gene-b0762,acrZ,53,coding,gene-b0762,794772,794922,151
gene-b0763,modA,216,coding,gene-b0763,795088,795862,775
gene-b0764,modB,166,coding,gene-b0764,795861,796551,691
gene-b0765,modC,271,coding,gene-b0765,796553,797612,1060
gene-b0766,ybhA,214,coding,gene-b0766,797612,798431,820
gene-b0767,pgl,273,coding,gene-b0767,798585,799581,997
gene-b0768,ybhD,266,coding,gene-b0768,799621,800575,955
gene-b0769,ybhH,319,coding,gene-b0769,800758,801811,1054
gene-b0770,ybhI,364,coding,gene-b0770,801886,803320,1435
gene-b0771,ybhJ,575,coding,gene-b0771,803502,805764,2263
gene-b0772,ybhC,334,coding,gene-b0772,805997,807281,1285
gene-b0773,ybhB,156,coding,gene-b0773,807432,807909,478
gene-b0774,bioA,382,coding,gene-b0774,807967,809257,1291
gene-b0775,bioB,259,coding,gene-b0775,809343,810384,1042
gene-b0776,bioF,318,coding,gene-b0776,810380,811535,1156
gene-b0777,bioC,239,coding,gene-b0777,811521,812277,757
gene-b0778,bioD,172,coding,gene-b0778,812269,812947,679
gene-b0779,uvrB,588,coding,gene-b0779,813525,815547,2023
gene-b0780,ybhK,271,coding,gene-b0780,815738,816647,910
gene-b0781,moaA,315,coding,gene-b0781,817043,818033,991
gene-b0782,moaB,139,coding,gene-b0782,818054,818567,514
gene-b0783,moaC,116,coding,gene-b0783,818569,819055,487
gene-b0784,moaD,69,coding,gene-b0784,819047,819293,247
gene-b0785,moaE,125,coding,gene-b0785,819294,819747,454
gene-b0786,ybhL,160,coding,gene-b0786,819883,820588,706
gene-b0787,ybhM,213,coding,gene-b0787,820792,821506,715
gene-b0788,ybhN,208,coding,gene-b0788,821541,822498,958
gene-b0789,clsB,335,coding,gene-b0789,822497,823739,1243
gene-b0790,ybhP,209,coding,gene-b0790,823735,824497,763
gene-b0791,ybhQ,126,coding,gene-b0791,824629,825040,412
gene-b0792,ybhR,237,coding,gene-b0792,825001,826108,1108
gene-b0793,ybhS,255,coding,gene-b0793,826118,827252,1135
gene-b0794,ybhF,459,coding,gene-b0794,827244,828981,1738
gene-b0795,ybhG,280,coding,gene-b0795,828973,829972,1000
gene-b0796,cecR,188,coding,gene-b0796,829971,830643,673
gene-b0797,rhlE,364,coding,gene-b0797,830871,832236,1366
gene-b0798,ybiA,164,coding,gene-b0798,832467,832950,484
gene-b0799,dinG,586,coding,gene-b0799,833069,835220,2152
gene-b0800,ybiB,279,coding,gene-b0800,835247,836210,964
gene-b0801,hcxB,279,coding,gene-b0801,836350,837436,1087
gene-b0802,ybiJ,84,coding,gene-b0802,837664,837925,262
gene-b0803,ybiI,96,coding,gene-b0803,838189,838456,268
gene-b0804,ybiX,170,coding,gene-b0804,838529,839207,679
gene-b0805,fiu,626,coding,gene-b0805,839248,841531,2284
gene-b0806,mcbA,115,coding,gene-b0806,841795,842056,262
gene-b0807,rlmF,290,coding,gene-b0807,842331,843258,928
gene-b0808,ybiO,553,coding,gene-b0808,843254,845480,2227
gene-b0809,glnQ,220,coding,gene-b0809,845740,846463,724
gene-b0810,glnP,162,coding,gene-b0810,846459,847119,661
gene-b0811,glnH,188,coding,gene-b0811,847257,848004,748
gene-b0812,dps,185,coding,gene-b0812,848407,848911,505
gene-b0813,rhtA,247,coding,gene-b0813,849209,850097,889
gene-b0814,ompX,130,coding,gene-b0814,850449,850965,517
gene-b0815,opgE,412,coding,gene-b0815,851013,852597,1585
gene-b0817,mntR,131,coding,gene-b0817,853182,853650,469
gene-b0818,ybiR,250,coding,gene-b0818,853646,854765,1120
gene-b0819,ldtB,242,coding,gene-b0819,854823,855744,922
gene-b0820,ybiT,428,coding,gene-b0820,855962,857555,1594
gene-b0821,ybiU,378,coding,gene-b0821,857795,859061,1267
gene-b0822,ybiV,227,coding,gene-b0822,859212,860028,817
gene-b0823,ybiW,683,coding,gene-b0823,860173,862606,2434
gene-b0824,ybiY,234,coding,gene-b0824,862611,863511,901
gene-b0825,fsaA,190,coding,gene-b0825,863641,864304,664
gene-b0826,moeB,212,coding,gene-b0826,864379,865129,751
gene-b0827,moeA,359,coding,gene-b0827,865128,866364,1237
gene-b0828,iaaA,267,coding,gene-b0828,866567,867533,967
gene-b0829,gsiA,509,coding,gene-b0829,867519,869391,1873
gene-b0830,gsiB,398,coding,gene-b0830,869410,870949,1540
gene-b0831,gsiC,230,coding,gene-b0831,870966,871887,922
gene-b0832,gsiD,207,coding,gene-b0832,871889,872801,913
gene-b0833,pdeI,733,coding,gene-b0833,872978,875327,2350
gene-b0834,dgcI,340,coding,gene-b0834,875334,876663,1330
gene-b0835,rimO,325,coding,gene-b0835,876709,878035,1327
gene-b0836,bssR,135,coding,gene-b0836,878247,878631,385
gene-b0837,yliI,276,coding,gene-b0837,878741,879857,1117
gene-b0838,gstB,138,coding,gene-b0838,879853,880480,628
gene-b0839,dacC,332,coding,gene-b0839,880726,881929,1204
gene-b0840,deoR,200,coding,gene-b0840,881975,882734,760
gene-b0841,ybjG,143,coding,gene-b0841,882791,883388,598
gene-b0842,mdfA,330,coding,gene-b0842,883672,884905,1234
gene-b0843,ybjH,65,coding,gene-b0843,884945,885230,286
gene-b0844,ybjI,209,coding,gene-b0844,885315,886131,817
gene-b0845,ybjJ,284,coding,gene-b0845,886130,887339,1210
gene-b0846,rcdA,142,coding,gene-b0846,887422,887959,538
gene-b0847,ybjL,436,coding,gene-b0847,888133,889819,1687
gene-b0848,ybjM,115,coding,gene-b0848,890088,890466,379
gene-b0849,grxA,63,coding,gene-b0849,890495,890753,259
gene-b0850,ybjC,70,coding,gene-b0850,890912,891200,289
gene-b0851,nfsA,182,coding,gene-b0851,891183,891906,724
gene-b0852,rimK,225,coding,gene-b0852,891966,892869,904
gene-b0853,ybjN,140,coding,gene-b0853,892956,893433,478
gene-b0854,potF,323,coding,gene-b0854,893783,894896,1114
gene-b0855,potG,282,coding,gene-b0855,894990,896124,1135
gene-b0856,potH,215,coding,gene-b0856,896133,897087,955
gene-b0857,potI,179,coding,gene-b0857,897083,897929,847
gene-b0858,ybjO,138,coding,gene-b0858,897988,898477,490
gene-b0859,rlmC,312,coding,gene-b0859,898517,899645,1129
gene-b0860,artJ,213,coding,gene-b0860,899843,900575,733
gene-b0861,artM,200,coding,gene-b0861,900865,901534,670
gene-b0862,artQ,177,coding,gene-b0862,901533,902250,718
gene-b0863,artI,193,coding,gene-b0863,902256,902988,733
gene-b0864,artP,188,coding,gene-b0864,903005,903734,730
gene-b0865,ybjP,127,coding,gene-b0865,903951,904467,517
gene-b0866,ybjQ,100,coding,gene-b0866,904592,904916,325
gene-b0867,amiD,225,coding,gene-b0867,904912,905743,832
gene-b0868,ybjS,275,coding,gene-b0868,905739,906753,1015
gene-b0869,ybjT,384,coding,gene-b0869,906851,908282,1432
gene-b0870,ltaE,272,coding,gene-b0870,908292,909294,1003
gene-b0871,poxB,461,coding,gene-b0871,909330,911049,1720
gene-b0872,hcr,249,coding,gene-b0872,911181,912150,970
gene-b0873,hcp,397,coding,gene-b0873,912161,913814,1654
gene-b0874,lysO,214,coding,gene-b0874,913957,914857,901
gene-b0875,aqpZ,242,coding,gene-b0875,915351,916047,697
gene-b0876,ybjD,488,coding,gene-b0876,916472,918131,1660
gene-b0877,ybjX,278,coding,gene-b0877,918127,919120,994
gene-b0878,macA,311,coding,gene-b0878,919234,920350,1117
gene-b0879,macB,493,coding,gene-b0879,920346,922293,1948
gene-b0880,cspD,64,coding,gene-b0880,922365,922590,226
gene-b0881,clpS,86,coding,gene-b0881,922912,923233,322
gene-b0882,clpA,577,coding,gene-b0882,923263,925540,2278
gene-b0883,serW,70,coding,gene-b0883,925883,925971,89
gene-b0884,infA,80,coding,gene-b0884,926224,926443,220
gene-b0885,aat,223,coding,gene-b0885,926727,927432,706
gene-b0886,cydC,431,coding,gene-b0886,927473,929195,1723
gene-b0887,cydD,423,coding,gene-b0887,929195,930962,1768
gene-b0888,trxB,292,coding,gene-b0888,931084,932050,967
gene-b0889,lrp,174,coding,gene-b0889,932594,933089,496
gene-b0890,ftsK,1056,coding,gene-b0890,933223,937213,3991
gene-b0891,lolA,185,coding,gene-b0891,937371,937983,613
gene-b0892,rarA,361,coding,gene-b0892,937993,939337,1345
gene-b0893,serS,351,coding,gene-b0893,939427,940720,1294
gene-b0894,dmsA,666,coding,gene-b0894,940958,943403,2446
gene-b0895,dmsB,139,coding,gene-b0895,943413,944031,619
gene-b0896,dmsC,194,coding,gene-b0896,944032,944896,865
gene-b0897,ycaC,161,coding,gene-b0897,944930,945557,628
gene-b0898,ycaD,313,coding,gene-b0898,945870,947019,1150
gene-b0899,ycaM,314,coding,gene-b0899,947228,948659,1432
gene-b0900,ycaN,220,coding,gene-b0900,948659,949568,910
gene-b0901,ycaK,160,coding,gene-b0901,949667,950258,592
gene-b0902,pflA,183,coding,gene-b0902,950339,951080,742
gene-b0903,pflB,627,coding,gene-b0903,951271,953554,2284
gene-b0904,focA,185,coding,gene-b0904,953608,954466,859
gene-b0905,ycaO,528,coding,gene-b0905,954871,956632,1762
gene-b0906,ycaP,179,coding,gene-b0906,956761,957454,694
gene-b0907,serC,308,coding,gene-b0907,957652,958741,1090
gene-b0908,aroA,341,coding,gene-b0908,958811,960095,1285
gene-b0909,ycaL,264,coding,gene-b0909,960263,961028,766
gene-b0910,cmk,224,coding,gene-b0910,961200,961884,685
gene-b0911,rpsA,443,coding,gene-b0911,961994,963668,1675
gene-b0912,ihfB,86,coding,gene-b0912,963827,964112,286
gene-b0913,ycaI,565,coding,gene-b0913,964319,966584,2266
gene-b0914,msbA,455,coding,gene-b0914,966620,968369,1750
gene-b0915,lpxK,242,coding,gene-b0915,968365,969352,988
gene-b0916,ycaQ,327,coding,gene-b0916,969388,970621,1234
gene-b0917,ycaR,57,coding,gene-b0917,970672,970855,184
gene-b0918,kdsB,199,coding,gene-b0918,970851,971598,748
gene-b0919,ycbJ,246,coding,gene-b0919,971751,972645,895
gene-b0920,elyC,203,coding,gene-b0920,972621,973401,781
gene-b0921,cmoM,196,coding,gene-b0921,973536,974322,787
gene-b0922,mukF,353,coding,gene-b0922,974318,975641,1324
gene-b0923,mukE,182,coding,gene-b0923,975621,976326,706
gene-b0924,mukB,1230,coding,gene-b0924,976325,980786,4462
gene-b0925,ldtD,534,coding,gene-b0925,981046,982894,1849
gene-b0926,mepK,177,coding,gene-b0926,983074,983623,550
gene-b0927,gloC,177,coding,gene-b0927,983649,984297,649
gene-b0928,aspC,299,coding,gene-b0928,984518,985709,1192
gene-b0929,ompF,297,coding,gene-b0929,985893,986982,1090
gene-b0930,asnS,437,coding,gene-b0930,987584,988985,1402
gene-b0931,pncB,325,coding,gene-b0931,989153,990356,1204
gene-b0932,pepN,736,coding,gene-b0932,990621,993234,2614
gene-b0933,ssuB,196,coding,gene-b0933,993276,994044,769
gene-b0934,ssuC,182,coding,gene-b0934,994040,994832,793
gene-b0935,ssuD,286,coding,gene-b0935,994842,995988,1147
gene-b0936,ssuA,262,coding,gene-b0936,995984,996944,961
gene-b0937,ssuE,140,coding,gene-b0937,996936,997512,577
gene-b0938,elfA,221,coding,gene-b0938,997867,998407,541
gene-b0939,elfD,195,coding,gene-b0939,998489,999191,703
gene-b0940,elfC,653,coding,gene-b0940,999215,1001816,2602
gene-b0941,elfG,261,coding,gene-b0941,1001806,1002877,1072
gene-b0942,ycbU,132,coding,gene-b0942,1002888,1003431,544
gene-b0943,ycbV,137,coding,gene-b0943,1003438,1003954,517
gene-b0944,ycbF,163,coding,gene-b0944,1003946,1004657,712
gene-b0945,pyrD,292,coding,gene-b0945,1004767,1005778,1012
gene-b0946,zapC,175,coding,gene-b0946,1005951,1006494,544
gene-b0947,ycbX,278,coding,gene-b0947,1006490,1007600,1111
gene-b0948,rlmL,579,coding,gene-b0948,1007843,1009952,2110
gene-b0949,uup,565,coding,gene-b0949,1009963,1011871,1909
gene-b0950,pqiA,344,coding,gene-b0950,1012000,1013254,1255
gene-b0951,pqiB,426,coding,gene-b0951,1013258,1014899,1642
gene-b0952,pqiC,158,coding,gene-b0952,1014895,1015459,565
gene-b0953,rmf,56,coding,gene-b0953,1015714,1015882,169
gene-b0954,fabA,151,coding,gene-b0954,1015951,1016470,520
gene-b0955,ycbZ,490,coding,gene-b0955,1016538,1018299,1762
gene-b0956,matP,115,coding,gene-b0956,1018484,1018937,454
gene-b0957,ompA,296,coding,gene-b0957,1019012,1020053,1042
gene-b0958,sulA,165,coding,gene-b0958,1020409,1020919,511
gene-b0959,sxy,195,coding,gene-b0959,1021137,1021767,631
gene-b0960,yccS,552,coding,gene-b0960,1021729,1023883,2155
gene-b0961,yccF,102,coding,gene-b0961,1023901,1024348,448
gene-b0962,helD,539,coding,gene-b0962,1024470,1026525,2056
gene-b0963,mgsA,131,coding,gene-b0963,1026556,1027015,460
gene-b0964,yccT,167,coding,gene-b0964,1027110,1027773,664
gene-b0965,yccU,108,coding,gene-b0965,1027945,1028359,415
gene-b0966,hspQ,79,coding,gene-b0966,1028403,1028721,319
gene-b0967,rlmI,296,coding,gene-b0967,1028778,1029969,1192
gene-b0968,yccX,77,coding,gene-b0968,1030063,1030342,280
gene-b0969,tusE,91,coding,gene-b0969,1030338,1030668,331
gene-b0970,yccA,157,coding,gene-b0970,1030758,1031418,661
gene-b0971,serT,58,coding,gene-b0971,1031624,1031712,89
gene-b0972,hyaA,323,coding,gene-b0972,1032138,1033257,1120
gene-b0973,hyaB,482,coding,gene-b0973,1033253,1035047,1795
gene-b0974,hyaC,144,coding,gene-b0974,1035065,1035773,709
gene-b0975,hyaD,161,coding,gene-b0975,1035769,1036357,589
gene-b0976,hyaE,109,coding,gene-b0976,1036353,1036752,400
gene-b0977,hyaF,230,coding,gene-b0977,1036748,1037606,859
gene-b0978,appC,384,coding,gene-b0978,1037739,1039284,1546
gene-b0979,appB,264,coding,gene-b0979,1039295,1040432,1138
gene-b0980,appA,354,coding,gene-b0980,1040616,1041915,1300
gene-b0981,etk,552,coding,gene-b0981,1042029,1044210,2182
gene-b0982,etp,119,coding,gene-b0982,1044229,1044676,448
gene-b0983,gfcE,299,coding,gene-b0983,1044663,1045803,1141
gene-b0984,gfcD,561,coding,gene-b0984,1045848,1047945,2098
gene-b0985,gfcC,202,coding,gene-b0985,1047944,1048691,748
gene-b0986,gfcB,138,coding,gene-b0986,1048687,1049332,646
gene-b0987,gfcA,76,coding,gene-b0987,1049438,1049744,307
gene-b0988,insB4,100,coding,gene-b0988,1050026,1050530,505
gene-b0989,cspH,111,coding,gene-b0989,1050962,1051175,214
gene-b0990,cspG,97,coding,gene-b0990,1051460,1051673,214
gene-b0991,ymcE,45,coding,gene-b0991,1051846,1052077,232
gene-b0992,yccM,248,coding,gene-b0992,1052288,1053362,1075
gene-b0993,torS,793,coding,gene-b0993,1053433,1056178,2746
gene-b0994,torT,249,coding,gene-b0994,1056260,1057289,1030
gene-b0995,torR,152,coding,gene-b0995,1057261,1057954,694
gene-b0996,torC,288,coding,gene-b0996,1058083,1059256,1174
gene-b0997,torA,664,coding,gene-b0997,1059255,1061802,2548
gene-b0998,torD,157,coding,gene-b0998,1061798,1062398,601
gene-b0999,cbpM,89,coding,gene-b0999,1062549,1062855,307
gene-b1000,cbpA,238,coding,gene-b1000,1062854,1063775,922
gene-b1001,yccE,414,coding,gene-b1001,1064035,1065292,1258
gene-b1002,agp,367,coding,gene-b1002,1065584,1066826,1243
gene-b1003,yccJ,58,coding,gene-b1003,1066863,1067091,229
gene-b1004,wrbA,157,coding,gene-b1004,1067111,1067708,598
gene-b1006,rutG,338,coding,gene-b1006,1068510,1069839,1330
gene-b1007,rutF,163,coding,gene-b1007,1069859,1070354,496
gene-b1008,rutE,173,coding,gene-b1008,1070364,1070955,592
gene-b1009,rutD,217,coding,gene-b1009,1070964,1071765,802
gene-b1010,rutC,88,coding,gene-b1010,1071772,1072159,388
gene-b1011,rutB,208,coding,gene-b1011,1072170,1072863,694
gene-b1012,rutA,274,coding,gene-b1012,1072862,1074011,1150
gene-b1013,rutR,193,coding,gene-b1013,1074241,1074880,640
gene-b1014,putA,1098,coding,gene-b1014,1074919,1078882,3964
gene-b1015,putP,366,coding,gene-b1015,1079304,1080813,1510
gene-b1018,efeO,339,coding,gene-b1018,1082242,1083370,1129
gene-b1019,efeB,320,coding,gene-b1019,1083375,1084647,1273
gene-b1020,phoH,352,coding,gene-b1020,1084991,1086056,1066
gene-b1021,pgaD,100,coding,gene-b1021,1086105,1086519,415
gene-b1022,pgaC,334,coding,gene-b1022,1086520,1087846,1327
gene-b1023,pgaB,548,coding,gene-b1023,1087838,1089857,2020
gene-b1024,pgaA,593,coding,gene-b1024,1089865,1092289,2425
gene-b1025,dgcT,433,coding,gene-b1025,1092875,1094234,1360
gene-b1026,insF4,285,coding,gene-b1026,1094274,1095141,868
gene-b1027,insE4,78,coding,gene-b1027,1095137,1095437,301
gene-b1029,ycdU,276,coding,gene-b1029,1095842,1096829,988
gene-b1032,serX,80,coding,gene-b1032,1097564,1097652,89
gene-b1033,ghrA,270,coding,gene-b1033,1097885,1098824,940
gene-b1034,ycdX,186,coding,gene-b1034,1098878,1099616,739
gene-b1035,ycdY,155,coding,gene-b1035,1099639,1100194,556
gene-b1036,ycdZ,123,coding,gene-b1036,1100295,1100787,493
gene-b1037,csgG,223,coding,gene-b1037,1100850,1101684,835
gene-b1038,csgF,137,coding,gene-b1038,1101710,1102127,418
gene-b1039,csgE,106,coding,gene-b1039,1102151,1102541,391
gene-b1040,csgD,191,coding,gene-b1040,1102545,1103196,652
gene-b1041,csgB,215,coding,gene-b1041,1103950,1104406,457
gene-b1042,csgA,115,coding,gene-b1042,1104446,1104902,457
gene-b1043,csgC,88,coding,gene-b1043,1104960,1105293,334
gene-b1044,ymdA,82,coding,gene-b1044,1105413,1105725,313
gene-b1045,ymdB,158,coding,gene-b1045,1105819,1106353,535
gene-b1046,clsC,366,coding,gene-b1046,1106354,1107776,1423
gene-b1047,opgC,276,coding,gene-b1047,1107783,1108941,1159
gene-b1048,opgG,452,coding,gene-b1048,1109334,1110870,1537
gene-b1049,opgH,671,coding,gene-b1049,1110862,1113406,2545
gene-b1050,yceK,72,coding,gene-b1050,1113578,1113806,229
gene-b1051,msyB,81,coding,gene-b1051,1113806,1114181,376
gene-b1053,mdtG,304,coding,gene-b1053,1114263,1115490,1228
gene-b1054,lpxL,260,coding,gene-b1054,1115661,1116582,922
gene-b1055,trhO,307,coding,gene-b1055,1116806,1117859,1054
gene-b1056,yceI,142,coding,gene-b1056,1117900,1118476,577
gene-b1057,yceJ,152,coding,gene-b1057,1118479,1119046,568
gene-b1058,yceO,65,coding,gene-b1058,1119306,1119447,142
gene-b1059,solA,289,coding,gene-b1059,1119467,1120586,1120
gene-b1060,bssS,81,coding,gene-b1060,1120700,1120955,256
gene-b1061,dinI,110,coding,gene-b1061,1121241,1121487,247
gene-b1062,pyrC,292,coding,gene-b1062,1121560,1122607,1048
gene-b1063,yceB,156,coding,gene-b1063,1122712,1123273,562
gene-b1064,grxB,197,coding,gene-b1064,1123406,1124054,649
gene-b1065,mdtH,292,coding,gene-b1065,1124117,1125326,1210
gene-b1066,rimJ,197,coding,gene-b1066,1125561,1126146,586
gene-b1067,yceH,170,coding,gene-b1067,1126156,1126804,649
gene-b1068,yceM,227,coding,gene-b1068,1126805,1127729,925
gene-b1069,murJ,369,coding,gene-b1069,1127838,1129374,1537
gene-b1070,flgN,94,coding,gene-b1070,1129413,1129830,418
gene-b1071,flgM,73,coding,gene-b1071,1129834,1130128,295
gene-b1072,flgA,176,coding,gene-b1072,1130203,1130863,661
gene-b1073,flgB,134,coding,gene-b1073,1131017,1131434,418
gene-b1074,flgC,100,coding,gene-b1074,1131437,1131842,406
gene-b1075,flgD,180,coding,gene-b1075,1131853,1132549,697
gene-b1076,flgE,318,coding,gene-b1076,1132573,1133782,1210
gene-b1077,flgF,216,coding,gene-b1077,1133801,1134557,757
gene-b1078,flgG,205,coding,gene-b1078,1134728,1135511,784
gene-b1079,flgH,193,coding,gene-b1079,1135563,1136262,700
gene-b1080,flgI,306,coding,gene-b1080,1136273,1137371,1099
gene-b1081,flgJ,243,coding,gene-b1081,1137370,1138312,943
gene-b1082,flgK,415,coding,gene-b1082,1138377,1140021,1645
gene-b1083,flgL,239,coding,gene-b1083,1140032,1140986,955
gene-b1084,rne,813,coding,gene-b1084,1141181,1144367,3187
gene-b1085,yceQ,88,coding,gene-b1085,1144501,1144822,322
gene-b1086,rluC,252,coding,gene-b1086,1144939,1145899,961
gene-b1087,yceF,143,coding,gene-b1087,1146010,1146595,586
gene-b1088,yceD,147,coding,gene-b1088,1146793,1147315,523
gene-b1089,rpmF,51,coding,gene-b1089,1147366,1147540,175
gene-b1090,plsX,278,coding,gene-b1090,1147620,1148691,1072
gene-b1091,fabH,242,coding,gene-b1091,1148758,1149712,955
gene-b1092,fabD,261,coding,gene-b1092,1149727,1150657,931
gene-b1093,fabG,196,coding,gene-b1093,1150669,1151404,736
gene-b1094,acpP,89,coding,gene-b1094,1151614,1151851,238
gene-b1095,fabF,375,coding,gene-b1095,1151938,1153180,1243
gene-b1096,pabC,210,coding,gene-b1096,1153299,1154109,811
gene-b1097,mltG,256,coding,gene-b1097,1154111,1155134,1024
gene-b1098,tmk,154,coding,gene-b1098,1155123,1155765,643
gene-b1099,holB,273,coding,gene-b1099,1155761,1156766,1006
gene-b1100,ycfH,196,coding,gene-b1100,1156776,1157574,799
gene-b1101,ptsG,430,coding,gene-b1101,1157868,1159302,1435
gene-b1102,fhuE,531,coding,gene-b1102,1159361,1161551,2191
gene-b1103,hinT,163,coding,gene-b1103,1161884,1162244,361
gene-b1104,ycfL,89,coding,gene-b1104,1162246,1162624,379
gene-b1105,lpoB,150,coding,gene-b1105,1162637,1163279,643
gene-b1106,thiK,206,coding,gene-b1106,1163259,1164084,826
gene-b1107,nagZ,252,coding,gene-b1107,1164094,1165120,1027
gene-b1108,ycfP,123,coding,gene-b1108,1165142,1165685,544
gene-b1109,ndh,419,coding,gene-b1109,1166084,1167389,1306
gene-b1110,ycfJ,165,coding,gene-b1110,1167598,1168138,541
gene-b1111,comR,166,coding,gene-b1111,1168199,1168832,634
gene-b1112,bhsA,107,coding,gene-b1112,1169072,1169330,259
gene-b1113,ldtC,288,coding,gene-b1113,1169411,1170374,964
gene-b1114,mfd,945,coding,gene-b1114,1170517,1173964,3448
gene-b1115,ycfT,252,coding,gene-b1115,1174091,1175165,1075
gene-b1116,lolC,331,coding,gene-b1116,1175426,1176626,1201
gene-b1117,lolD,179,coding,gene-b1117,1176618,1177320,703
gene-b1118,lolE,323,coding,gene-b1118,1177319,1178564,1246
gene-b1119,nagK,228,coding,gene-b1119,1178592,1179504,913
gene-b1120,cobB,218,coding,gene-b1120,1179519,1180359,841
gene-b1121,ycfZ,232,coding,gene-b1121,1180478,1181267,790
gene-b1122,ymfA,95,coding,gene-b1122,1181263,1181725,463
gene-b1123,potD,237,coding,gene-b1123,1181782,1182829,1048
gene-b1124,potC,183,coding,gene-b1124,1182825,1183620,796
gene-b1125,potB,169,coding,gene-b1125,1183616,1184444,829
gene-b1126,potA,319,coding,gene-b1126,1184457,1185594,1138
gene-b1127,pepT,335,coding,gene-b1127,1185843,1187070,1228
gene-b1128,roxA,304,coding,gene-b1128,1187118,1188240,1123
gene-b1129,phoQ,351,coding,gene-b1129,1188315,1189776,1462
gene-b1130,phoP,157,coding,gene-b1130,1189775,1190447,673
gene-b1131,purB,379,coding,gene-b1131,1190615,1191986,1372
gene-b1132,hflD,168,coding,gene-b1132,1191989,1192631,643
gene-b1133,mnmA,325,coding,gene-b1133,1192666,1193773,1108
gene-b1134,nudJ,133,coding,gene-b1134,1193826,1194288,463
gene-b1135,rluE,180,coding,gene-b1135,1194297,1194951,655
gene-b1136,icd,311,coding,gene-b1136,1195122,1196373,1252
gene-b1137,ymfD,220,coding,gene-b1137,1196866,1197532,667
gene-b1138,ymfE,225,coding,gene-b1138,1197532,1198237,706
gene-b1139,lit,320,coding,gene-b1139,1198694,1199588,895
gene-b1140,intE,292,coding,gene-b1140,1199678,1200806,1129
gene-b1141,xisE,49,coding,gene-b1141,1200786,1201032,247
gene-b1142,ymfH,85,coding,gene-b1142,1201068,1201380,313
gene-b1143,ymfI,97,coding,gene-b1143,1201496,1201838,343
gene-b1144,ymfJ,65,coding,gene-b1144,1201775,1202084,310
gene-b1145,ymfK,178,coding,gene-b1145,1202258,1202933,676
gene-b1146,ymfT,68,coding,gene-b1146,1203023,1203224,202
gene-b1147,ymfL,140,coding,gene-b1147,1203267,1203825,559
gene-b1148,ymfM,78,coding,gene-b1148,1203821,1204160,340
gene-b1149,ymfN,366,coding,gene-b1149,1204169,1205537,1369
gene-b1150,ymfR,38,coding,gene-b1150,1205548,1205731,184
gene-b1151,beeE,116,coding,gene-b1151,1205730,1206204,475
gene-b1153,ymfQ,199,coding,gene-b1153,1206912,1207497,586
gene-b1154,ycfK,170,coding,gene-b1154,1207500,1208130,631
gene-b1155,tfaP,114,coding,gene-b1155,1208131,1208545,415
gene-b1156,tfaE,151,coding,gene-b1156,1208516,1209119,604
gene-b1158,pinE,170,coding,gene-b1158,1209684,1210239,556
gene-b1159,mcrA,261,coding,gene-b1159,1210345,1211179,835
gene-b1160,iraM,171,coding,gene-b1160,1211679,1212003,325
gene-b1161,ycgX,129,coding,gene-b1161,1212702,1213107,406
gene-b1162,bluR,193,coding,gene-b1162,1213327,1214059,733
gene-b1163,bluF,404,coding,gene-b1163,1214263,1215475,1213
gene-b1164,ycgZ,105,coding,gene-b1164,1215788,1216025,238
gene-b1165,ymgA,79,coding,gene-b1165,1216067,1216340,274
gene-b1166,ariR,81,coding,gene-b1166,1216368,1216635,268
gene-b1167,ymgC,101,coding,gene-b1167,1216747,1216996,250
gene-b1168,pdeG,456,coding,gene-b1168,1217327,1218851,1525
gene-b1171,ymgD,119,coding,gene-b1171,1222304,1222634,331
gene-b1172,ymgG,75,coding,gene-b1172,1222643,1222988,346
gene-b1174,minE,117,coding,gene-b1174,1224278,1224545,268
gene-b1175,minD,234,coding,gene-b1175,1224548,1225361,814
gene-b1176,minC,176,coding,gene-b1176,1225384,1226080,697
gene-b1177,ycgJ,132,coding,gene-b1177,1226599,1226968,370
gene-b1178,pliG,81,coding,gene-b1178,1227070,1227472,403
gene-b1179,ycgL,101,coding,gene-b1179,1227680,1228007,328
gene-b1180,ycgM,192,coding,gene-b1180,1228078,1228738,661
gene-b1181,ycgN,106,coding,gene-b1181,1228814,1229276,463
gene-b1182,hlyE,281,coding,gene-b1182,1229482,1230394,913
gene-b1183,umuD,141,coding,gene-b1183,1230766,1231186,421
gene-b1184,umuC,314,coding,gene-b1184,1231185,1232454,1270
gene-b1185,dsbB,124,coding,gene-b1185,1232499,1233030,532
gene-b1186,nhaB,338,coding,gene-b1186,1233175,1234717,1543
gene-b1187,fadR,228,coding,gene-b1187,1234937,1235657,721
gene-b1188,ycgB,396,coding,gene-b1188,1235708,1237241,1534
gene-b1189,dadA,381,coding,gene-b1189,1237570,1238869,1300
gene-b1190,dadX,296,coding,gene-b1190,1238878,1239949,1072
gene-b1191,cvrA,376,coding,gene-b1191,1240334,1242071,1738
gene-b1192,ldcA,239,coding,gene-b1192,1242165,1243080,916
gene-b1193,emtA,157,coding,gene-b1193,1243179,1243791,613
gene-b1194,ycgR,174,coding,gene-b1194,1243792,1244527,736
gene-b1195,ymgE,67,coding,gene-b1195,1244727,1244982,256
gene-b1196,ycgY,140,coding,gene-b1196,1245159,1245600,442
gene-b1197,treA,404,coding,gene-b1197,1245678,1247376,1699
gene-b1198,dhaM,395,coding,gene-b1198,1247695,1249114,1420
gene-b1199,dhaL,157,coding,gene-b1199,1249124,1249757,634
gene-b1200,dhaK,272,coding,gene-b1200,1249767,1250838,1072
gene-b1201,dhaR,518,coding,gene-b1201,1251065,1252985,1921
gene-b1202,ycgV,704,coding,gene-b1202,1253084,1255952,2869
gene-b1203,ychF,337,coding,gene-b1203,1256720,1257812,1093
gene-b1204,pth,185,coding,gene-b1204,1257928,1258513,586
gene-b1205,ychH,106,coding,gene-b1205,1258790,1259069,280
gene-b1206,dauA,397,coding,gene-b1206,1259123,1260803,1681
gene-b1207,prs,274,coding,gene-b1207,1260927,1261875,949
gene-b1208,ispE,229,coding,gene-b1208,1262025,1262877,853
gene-b1209,lolB,146,coding,gene-b1209,1262876,1263500,625
gene-b1210,hemA,358,coding,gene-b1210,1263713,1264970,1258
gene-b1211,prfA,279,coding,gene-b1211,1265011,1266094,1084
gene-b1212,prmC,228,coding,gene-b1212,1266093,1266927,835
gene-b1213,ychQ,84,coding,gene-b1213,1266923,1267316,394
gene-b1214,ychA,230,coding,gene-b1214,1267319,1268129,811
gene-b1215,kdsA,225,coding,gene-b1215,1268164,1269019,856
gene-b1216,chaA,312,coding,gene-b1216,1270748,1271849,1102
gene-b1217,chaB,97,coding,gene-b1217,1272118,1272349,232
gene-b1218,chaC,222,coding,gene-b1218,1272506,1273202,697
gene-b1219,ychN,80,coding,gene-b1219,1273245,1273599,355
gene-b1220,ychO,367,coding,gene-b1220,1273783,1275178,1396
gene-b1221,narL,162,coding,gene-b1221,1275178,1275829,652
gene-b1222,narX,496,coding,gene-b1222,1275821,1277618,1798
gene-b1223,narK,356,coding,gene-b1223,1277956,1279348,1393
gene-b1224,narG,962,coding,gene-b1224,1279863,1283607,3745
gene-b1225,narH,401,coding,gene-b1225,1283603,1285142,1540
gene-b1226,narJ,219,coding,gene-b1226,1285138,1285849,712
gene-b1227,narI,166,coding,gene-b1227,1285848,1286526,679
gene-b1228,ychS,89,coding,gene-b1228,1286708,1286984,277
gene-b1230,tyrV,18,coding,gene-b1230,1287243,1287328,86
gene-b1231,tyrT,48,coding,gene-b1231,1287537,1287622,86
gene-b1232,purU,237,coding,gene-b1232,1287781,1288624,844
gene-b1233,ychJ,123,coding,gene-b1233,1288673,1289132,460
gene-b1234,rssA,242,coding,gene-b1234,1289244,1290150,907
gene-b1235,rssB,253,coding,gene-b1235,1290241,1291255,1015
gene-b1236,galU,268,coding,gene-b1236,1291456,1292365,910
gene-b1237,hns,122,coding,gene-b1237,1292508,1292922,415
gene-b1238,tdk,211,coding,gene-b1238,1293526,1294144,619
gene-b1241,adhE,725,coding,gene-b1241,1295445,1298121,2677
gene-b1242,ychE,140,coding,gene-b1242,1298597,1299245,649
gene-b1243,oppA,474,coding,gene-b1243,1301181,1302813,1633
gene-b1244,oppB,235,coding,gene-b1244,1302898,1303819,922
gene-b1245,oppC,205,coding,gene-b1245,1303833,1304742,910
gene-b1246,oppD,249,coding,gene-b1246,1304753,1305767,1015
gene-b1247,oppF,269,coding,gene-b1247,1305763,1306768,1006
gene-b1248,yciU,92,coding,gene-b1248,1306820,1307150,331
gene-b1249,clsA,381,coding,gene-b1249,1307184,1308645,1462
gene-b1250,kch,327,coding,gene-b1250,1309015,1310269,1255
gene-b1251,yciI,125,coding,gene-b1251,1310568,1310865,298
gene-b1252,tonB,183,coding,gene-b1252,1311088,1311808,721
gene-b1253,yciA,85,coding,gene-b1253,1311847,1312246,400
gene-b1254,yciB,123,coding,gene-b1254,1312350,1312890,541
gene-b1255,yciC,200,coding,gene-b1255,1312919,1313663,745
gene-b1256,ompW,251,coding,gene-b1256,1314019,1314658,640
gene-b1257,yciE,146,coding,gene-b1257,1314717,1315224,508
gene-b1258,yciF,122,coding,gene-b1258,1315269,1315770,502
gene-b1259,yciG,51,coding,gene-b1259,1315855,1316035,181
gene-b1260,trpA,288,coding,gene-b1260,1316415,1317222,808
gene-b1261,trpB,327,coding,gene-b1261,1317221,1318415,1195
gene-b1262,trpC,346,coding,gene-b1262,1318426,1319788,1363
gene-b1263,trpD,424,coding,gene-b1263,1319788,1321384,1597
gene-b1264,trpE,409,coding,gene-b1264,1321383,1322946,1564
gene-b1265,trpL,16,coding,gene-b1265,1323037,1323082,46
gene-b1266,rnm,254,coding,gene-b1266,1323219,1324101,883
gene-b1267,yciO,157,coding,gene-b1267,1324097,1324718,622
gene-b1268,yciQ,457,coding,gene-b1268,1324745,1326641,1897
gene-b1269,rluB,256,coding,gene-b1269,1326851,1327727,877
gene-b1270,btuR,150,coding,gene-b1270,1327766,1328357,592
gene-b1271,yciK,195,coding,gene-b1271,1328353,1329112,760
gene-b1272,sohB,285,coding,gene-b1272,1329331,1330381,1051
gene-b1273,yciN,59,coding,gene-b1273,1330416,1330668,253
gene-b1274,topA,682,coding,gene-b1274,1331047,1333645,2599
gene-b1275,cysB,277,coding,gene-b1275,1333854,1334829,976
gene-b1276,acnA,717,coding,gene-b1276,1335830,1338506,2677
gene-b1277,ribA,161,coding,gene-b1277,1338569,1339160,592
gene-b1278,pgpB,210,coding,gene-b1278,1339329,1340094,766
gene-b1279,lapA,79,coding,gene-b1279,1340242,1340551,310
gene-b1280,lapB,284,coding,gene-b1280,1340557,1341727,1171
gene-b1281,pyrF,194,coding,gene-b1281,1341920,1342658,739
gene-b1282,yciH,78,coding,gene-b1282,1342657,1342984,328
gene-b1283,osmB,77,coding,gene-b1283,1343109,1343328,220
gene-b1284,yciT,208,coding,gene-b1284,1343596,1344346,751
gene-b1285,pdeR,527,coding,gene-b1285,1344756,1346742,1987
gene-b1286,rnb,540,coding,gene-b1286,1346977,1348912,1936
gene-b1287,yciW,265,coding,gene-b1287,1348979,1350107,1129
gene-b1288,fabI,183,coding,gene-b1288,1350250,1351039,790
gene-b1289,ycjD,125,coding,gene-b1289,1351406,1351760,355
gene-b1290,sapF,230,coding,gene-b1290,1351827,1352634,808
gene-b1291,sapD,277,coding,gene-b1291,1352635,1353628,994
gene-b1292,sapC,217,coding,gene-b1292,1353627,1354518,892
gene-b1293,sapB,232,coding,gene-b1293,1354504,1355470,967
gene-b1294,sapA,408,coding,gene-b1294,1355466,1357110,1645
gene-b1295,ymjA,96,coding,gene-b1295,1357422,1357668,247
gene-b1296,puuP,319,coding,gene-b1296,1357801,1359187,1387
gene-b1297,puuA,397,coding,gene-b1297,1359489,1360908,1420
gene-b1298,puuD,211,coding,gene-b1298,1361119,1361884,766
gene-b1299,puuR,128,coding,gene-b1299,1361910,1362468,559
gene-b1300,puuC,479,coding,gene-b1300,1362742,1364230,1489
gene-b1301,puuB,371,coding,gene-b1301,1364231,1365512,1282
gene-b1302,puuE,360,coding,gene-b1302,1365549,1366815,1267
gene-b1303,pspF,258,coding,gene-b1303,1366934,1367912,979
gene-b1304,pspA,185,coding,gene-b1304,1368078,1368747,670
gene-b1305,pspB,51,coding,gene-b1305,1368800,1369025,226
gene-b1306,pspC,92,coding,gene-b1306,1369024,1369384,361
gene-b1307,pspD,53,coding,gene-b1307,1369392,1369614,223
gene-b1308,pspE,77,coding,gene-b1308,1369688,1370003,316
gene-b1309,ycjM,452,coding,gene-b1309,1370215,1371895,1681
gene-b1310,ycjN,343,coding,gene-b1310,1371908,1373201,1294
gene-b1311,ycjO,229,coding,gene-b1311,1373221,1374103,883
gene-b1312,ycjP,185,coding,gene-b1312,1374089,1374932,844
gene-b1313,ycjQ,300,coding,gene-b1313,1374962,1376015,1054
gene-b1314,ycjR,226,coding,gene-b1314,1376033,1376822,790
gene-b1315,ycjS,266,coding,gene-b1315,1376831,1377887,1057
gene-b1316,ycjT,608,coding,gene-b1316,1377883,1380151,2269
gene-b1317,ycjU,182,coding,gene-b1317,1380147,1380807,661
gene-b1319,ompG,266,coding,gene-b1319,1381946,1382852,907
gene-b1320,ycjW,269,coding,gene-b1320,1382962,1383961,1000
gene-b1321,ycjX,391,coding,gene-b1321,1384116,1385514,1399
gene-b1322,ycjF,272,coding,gene-b1322,1385510,1386572,1063
gene-b1323,tyrR,405,coding,gene-b1323,1386719,1388261,1543
gene-b1324,tpx,139,coding,gene-b1324,1388304,1388811,508
gene-b1325,ycjG,250,coding,gene-b1325,1388929,1389895,967
gene-b1326,mpaA,196,coding,gene-b1326,1389869,1390598,730
gene-b1327,ycjY,223,coding,gene-b1327,1390932,1391853,922
gene-b1328,pgrR,289,coding,gene-b1328,1391990,1392890,901
gene-b1329,mppA,503,coding,gene-b1329,1393226,1394840,1615
gene-b1330,ynaI,276,coding,gene-b1330,1394890,1395922,1033
gene-b1331,insH4,280,coding,gene-b1331,1396111,1397092,982
gene-b1332,ynaJ,96,coding,gene-b1332,1397364,1397622,259
gene-b1333,uspE,252,coding,gene-b1333,1397671,1398622,952
gene-b1334,fnr,227,coding,gene-b1334,1398773,1399526,754
gene-b1335,ogt,179,coding,gene-b1335,1399720,1400236,517
gene-b1336,abgT,358,coding,gene-b1336,1400246,1401773,1528
gene-b1337,abgB,389,coding,gene-b1337,1401809,1403255,1447
gene-b1338,abgA,358,coding,gene-b1338,1403254,1404565,1312
gene-b1339,abgR,288,coding,gene-b1339,1404740,1405649,910
gene-b1340,smrA,181,coding,gene-b1340,1405978,1406542,565
gene-b1341,dgcM,321,coding,gene-b1341,1406562,1407795,1234
gene-b1342,zntB,270,coding,gene-b1342,1408049,1409033,985
gene-b1343,dbpA,379,coding,gene-b1343,1409510,1410884,1375
gene-b1344,ttcA,245,coding,gene-b1344,1411012,1411948,937
gene-b1345,intR,331,coding,gene-b1345,1411999,1413235,1237
gene-b1346,xisR,46,coding,gene-b1346,1413236,1413452,217
gene-b1347,rcbA,16,coding,gene-b1347,1413530,1413740,211
gene-b1348,ralR,40,coding,gene-b1348,1413732,1413927,196
gene-b1349,recT,204,coding,gene-b1349,1413983,1414793,811
gene-b1350,recE,630,coding,gene-b1350,1414785,1417386,2602
gene-b1351,racC,77,coding,gene-b1351,1417487,1417763,277
gene-b1352,kilR,53,coding,gene-b1352,1418007,1418229,223
gene-b1353,sieB,150,coding,gene-b1353,1418670,1419159,490
gene-b1355,ydaG,31,coding,gene-b1355,1419321,1419456,136
gene-b1356,racR,140,coding,gene-b1356,1419764,1420241,478
gene-b1357,ydaS,81,coding,gene-b1357,1420364,1420661,298
gene-b1358,ydaT,111,coding,gene-b1358,1420683,1421106,424
gene-b1359,ydaU,231,coding,gene-b1359,1421118,1421976,859
gene-b1360,ydaV,182,coding,gene-b1360,1421982,1422729,748
gene-b1361,ydaW,117,coding,gene-b1361,1422751,1423312,562
gene-b1363,trkG,407,coding,gene-b1363,1423781,1425239,1459
gene-b1365,ynaK,71,coding,gene-b1365,1425376,1425640,265
gene-b1366,ydaY,61,coding,gene-b1366,1425620,1425980,361
gene-b1368,ynaA,339,coding,gene-b1368,1426453,1427482,1030
gene-b1370,insH5,294,coding,gene-b1370,1427745,1428726,982
gene-b1372,stfR,946,coding,gene-b1372,1429048,1432411,3364
gene-b1373,tfaR,153,coding,gene-b1373,1432410,1432986,577
gene-b1374,pinR,155,coding,gene-b1374,1433083,1433674,592
gene-b1375,ynaE,106,coding,gene-b1375,1433990,1434224,235
gene-b1376,uspF,164,coding,gene-b1376,1435184,1435619,436
gene-b1377,ompN,298,coding,gene-b1377,1435759,1436893,1135
gene-b1378,ydbK,947,coding,gene-b1378,1437259,1440784,3526
gene-b1379,hslJ,101,coding,gene-b1379,1441320,1441743,424
gene-b1380,ldhA,260,coding,gene-b1380,1441853,1442843,991
gene-b1381,ydbH,695,coding,gene-b1381,1443050,1445690,2641
gene-b1382,ynbE,41,coding,gene-b1382,1445686,1445872,187
gene-b1383,ydbL,74,coding,gene-b1383,1445879,1446206,328
gene-b1384,feaR,251,coding,gene-b1384,1446377,1447283,907
gene-b1385,feaB,400,coding,gene-b1385,1447518,1449018,1501
gene-b1386,tynA,564,coding,gene-b1386,1449075,1451349,2275
gene-b1387,paaZ,532,coding,gene-b1387,1451596,1453642,2047
gene-b1388,paaA,289,coding,gene-b1388,1453926,1454856,931
gene-b1389,paaB,67,coding,gene-b1389,1454867,1455155,289
gene-b1390,paaC,161,coding,gene-b1390,1455163,1455910,748
gene-b1391,paaD,132,coding,gene-b1391,1455924,1456422,499
gene-b1392,paaE,284,coding,gene-b1392,1456429,1457500,1072
gene-b1393,paaF,185,coding,gene-b1393,1457496,1458264,769
gene-b1394,paaG,198,coding,gene-b1394,1458263,1459052,790
gene-b1395,paaH,371,coding,gene-b1395,1459053,1460481,1429
gene-b1396,paaI,122,coding,gene-b1396,1460470,1460893,424
gene-b1397,paaJ,339,coding,gene-b1397,1460892,1462098,1207
gene-b1398,paaK,344,coding,gene-b1398,1462124,1463438,1315
gene-b1399,paaX,248,coding,gene-b1399,1463538,1464489,952
gene-b1400,paaY,171,coding,gene-b1400,1464470,1465061,592
gene-b1402,insD2,254,coding,gene-b1402,1467920,1468826,907
gene-b1403,insC2,78,coding,gene-b1403,1468783,1469149,367
gene-b1404,insI2,326,coding,gene-b1404,1469357,1470509,1153
gene-b1406,pdxI,266,coding,gene-b1406,1474220,1475081,862
gene-b1407,ydbD,636,coding,gene-b1407,1475143,1477450,2308
gene-b1408,ynbA,157,coding,gene-b1408,1477620,1478226,607
gene-b1409,ynbB,194,coding,gene-b1409,1478225,1479122,898
gene-b1410,ynbC,477,coding,gene-b1410,1479137,1480895,1759
gene-b1411,ynbD,279,coding,gene-b1411,1480908,1482201,1294
gene-b1412,azoR,172,coding,gene-b1412,1482254,1482860,607
gene-b1413,hrpA,1017,coding,gene-b1413,1483060,1486963,3904
gene-b1414,ydcF,246,coding,gene-b1414,1487234,1488035,802
gene-b1415,aldA,401,coding,gene-b1415,1488231,1489671,1441
gene-b1418,cybB,170,coding,gene-b1418,1490901,1491432,532
gene-b1419,ydcA,63,coding,gene-b1419,1491676,1491850,175
gene-b1420,mokB,14,coding,gene-b1420,1491961,1492129,169
gene-b1421,trg,483,coding,gene-b1421,1492469,1494110,1642
gene-b1422,ydcI,227,coding,gene-b1422,1494147,1495071,925
gene-b1423,ydcJ,334,coding,gene-b1423,1495287,1496631,1345
gene-b1424,opgD,476,coding,gene-b1424,1496855,1498511,1657
gene-b1426,ydcH,64,coding,gene-b1426,1498650,1498875,226
gene-b1427,rimL,150,coding,gene-b1427,1498937,1499477,541
gene-b1428,ydcK,245,coding,gene-b1428,1499468,1500449,982
gene-b1429,tehA,260,coding,gene-b1429,1500572,1501565,994
gene-b1430,tehB,141,coding,gene-b1430,1501561,1502155,595
gene-b1431,ydcL,219,coding,gene-b1431,1502456,1503125,670
gene-b1432,insQ,374,coding,gene-b1432,1503656,1504865,1210
gene-b1433,ydcO,286,coding,gene-b1433,1504904,1506080,1177
gene-b1434,sutR,145,coding,gene-b1434,1506171,1506708,538
gene-b1435,rlhA,492,coding,gene-b1435,1506780,1508742,1963
gene-b1436,yncJ,64,coding,gene-b1436,1508833,1509064,232
gene-b1438,hicB,117,coding,gene-b1438,1509507,1509924,418
gene-b1439,ydcR,367,coding,gene-b1439,1510002,1511409,1408
gene-b1440,ydcS,332,coding,gene-b1440,1511653,1512799,1147
gene-b1441,ydcT,252,coding,gene-b1441,1512816,1513830,1015
gene-b1442,ydcU,214,coding,gene-b1442,1513830,1514772,943
gene-b1443,ydcV,206,coding,gene-b1443,1514761,1515556,796
gene-b1444,patD,378,coding,gene-b1444,1515577,1517002,1426
gene-b1445,ortT,71,coding,gene-b1445,1517388,1517562,175
gene-b1446,ydcY,63,coding,gene-b1446,1517647,1517881,235
gene-b1447,ydcZ,110,coding,gene-b1447,1517881,1518331,451
gene-b1448,mnaT,122,coding,gene-b1448,1518327,1518846,520
gene-b1449,curA,250,coding,gene-b1449,1519026,1520064,1039
gene-b1450,mcbR,197,coding,gene-b1450,1520261,1520927,667
gene-b1451,yncD,516,coding,gene-b1451,1520962,1523065,2104
gene-b1452,yncE,266,coding,gene-b1452,1523306,1524368,1063
gene-b1453,ansP,332,coding,gene-b1453,1524480,1525980,1501
gene-b1454,yncG,194,coding,gene-b1454,1526246,1526864,619
gene-b1455,yncH,69,coding,gene-b1455,1526939,1527152,214
gene-b1457,ydcD,209,coding,gene-b1457,1529921,1530404,484
gene-b1460,ydcC,360,coding,gene-b1460,1531815,1532952,1138
gene-b1461,pptA,86,coding,gene-b1461,1533051,1533285,235
gene-b1462,yddH,128,coding,gene-b1462,1533281,1533851,571
gene-b1463,nhoA,210,coding,gene-b1463,1534023,1534869,847
gene-b1464,yddE,259,coding,gene-b1464,1534964,1535858,895
gene-b1465,narV,155,coding,gene-b1465,1535936,1536617,682
gene-b1466,narW,170,coding,gene-b1466,1536613,1537309,697
gene-b1467,narY,375,coding,gene-b1467,1537308,1538853,1546
gene-b1468,narZ,990,coding,gene-b1468,1538849,1542590,3742
gene-b1469,narU,333,coding,gene-b1469,1542671,1544060,1390
gene-b1471,yddK,389,coding,gene-b1471,1544757,1545714,958
gene-b1472,yddL,74,coding,gene-b1472,1545737,1546028,292
gene-b1473,yddG,279,coding,gene-b1473,1546287,1547169,883
gene-b1474,fdnG,832,coding,gene-b1474,1547400,1550448,3049
gene-b1475,fdnH,211,coding,gene-b1475,1550460,1551345,886
gene-b1476,fdnI,150,coding,gene-b1476,1551337,1551991,655
gene-b1477,yddM,117,coding,gene-b1477,1552397,1552682,286
gene-b1478,adhP,238,coding,gene-b1478,1552827,1553838,1012
gene-b1479,maeA,425,coding,gene-b1479,1553971,1555669,1699
gene-b1480,sra,42,coding,gene-b1480,1555825,1555963,139
gene-b1481,bdm,73,coding,gene-b1481,1556064,1556280,217
gene-b1482,osmC,151,coding,gene-b1482,1556624,1557056,433
gene-b1483,ddpF,258,coding,gene-b1483,1557111,1558038,928
gene-b1484,ddpD,271,coding,gene-b1484,1558030,1559017,988
gene-b1485,ddpC,224,coding,gene-b1485,1559013,1559910,898
gene-b1486,ddpB,242,coding,gene-b1486,1559906,1560929,1024
gene-b1487,ddpA,357,coding,gene-b1487,1560930,1562481,1552
gene-b1488,ddpX,151,coding,gene-b1488,1562494,1563076,583
gene-b1489,dosP,664,coding,gene-b1489,1563333,1565733,2401
gene-b1490,dosC,367,coding,gene-b1490,1565757,1567140,1384
gene-b1491,digH,389,coding,gene-b1491,1567503,1568823,1321
gene-b1492,gadC,343,coding,gene-b1492,1568953,1570489,1537
gene-b1493,gadB,381,coding,gene-b1493,1570644,1572045,1402
gene-b1494,pqqL,816,coding,gene-b1494,1572406,1575202,2797
gene-b1495,yddB,642,coding,gene-b1495,1575246,1577619,2374
gene-b1496,yddA,435,coding,gene-b1496,1577656,1579342,1687
gene-b1497,ydeM,351,coding,gene-b1497,1579632,1580790,1159
gene-b1498,ydeN,433,coding,gene-b1498,1580841,1582524,1684
gene-b1499,ydeO,265,coding,gene-b1499,1582925,1583687,763
gene-b1500,safA,47,coding,gene-b1500,1583761,1583959,199
gene-b1501,ydeP,650,coding,gene-b1501,1584206,1586486,2281
gene-b1502,ydeQ,290,coding,gene-b1502,1586819,1587734,916
gene-b1503,ydeR,111,coding,gene-b1503,1587792,1588296,505
gene-b1504,ydeS,141,coding,gene-b1504,1588308,1588839,532
gene-b1505,ydeT,293,coding,gene-b1505,1588852,1590001,1150
gene-b1507,hipA,396,coding,gene-b1507,1590853,1592176,1324
gene-b1508,hipB,62,coding,gene-b1508,1592175,1592442,268
gene-b1511,lsrK,434,coding,gene-b1511,1598616,1600209,1594
gene-b1512,lsrR,248,coding,gene-b1512,1600287,1601241,955
gene-b1513,lsrA,440,coding,gene-b1513,1601489,1603025,1537
gene-b1514,lsrC,234,coding,gene-b1514,1603018,1604047,1030
gene-b1515,lsrD,233,coding,gene-b1515,1604046,1605039,994
gene-b1516,lsrB,251,coding,gene-b1516,1605050,1606073,1024
gene-b1517,lsrF,244,coding,gene-b1517,1606099,1606975,877
gene-b1518,lsrG,76,coding,gene-b1518,1606998,1607289,292
gene-b1519,tam,205,coding,gene-b1519,1607345,1608104,760
gene-b1520,yneE,185,coding,gene-b1520,1608107,1609022,916
gene-b1521,uxaB,437,coding,gene-b1521,1609228,1610680,1453
gene-b1522,dgcF,243,coding,gene-b1522,1610906,1611854,949
gene-b1523,yneG,114,coding,gene-b1523,1611965,1612325,361
gene-b1524,glsB,234,coding,gene-b1524,1612324,1613251,928
gene-b1525,sad,354,coding,gene-b1525,1613314,1614703,1390
gene-b1526,yneJ,263,coding,gene-b1526,1614803,1615685,883
gene-b1527,yneK,311,coding,gene-b1527,1615762,1616878,1117
gene-b1528,ydeA,299,coding,gene-b1528,1617027,1618218,1192
gene-b1529,marC,157,coding,gene-b1529,1618242,1618908,667
gene-b1530,marR,131,coding,gene-b1530,1619119,1619554,436
gene-b1531,marA,90,coding,gene-b1531,1619573,1619957,385
gene-b1532,marB,56,coding,gene-b1532,1619988,1620207,220
gene-b1533,eamA,177,coding,gene-b1533,1620237,1621137,901
gene-b1534,ydeE,294,coding,gene-b1534,1621331,1622519,1189
gene-b1535,dgcZ,238,coding,gene-b1535,1622959,1623850,892
gene-b1536,ydeI,144,coding,gene-b1536,1624104,1624497,394
gene-b1537,ydeJ,182,coding,gene-b1537,1624772,1625291,520
gene-b1538,dcp,542,coding,gene-b1538,1625334,1627380,2047
gene-b1539,ydfG,217,coding,gene-b1539,1627516,1628263,748
gene-b1540,rspR,181,coding,gene-b1540,1628351,1629038,688
gene-b1541,ydfZ,69,coding,gene-b1541,1629214,1629418,205
gene-b1542,ydfI,389,coding,gene-b1542,1629452,1630913,1462
gene-b1543,ydfJ,320,coding,gene-b1543,1631001,1632285,1285
gene-b1544,ydfK,61,coding,gene-b1544,1633071,1633305,235
gene-b1545,pinQ,208,coding,gene-b1545,1633621,1634212,592
gene-b1546,tfaQ,172,coding,gene-b1546,1634309,1634885,577
gene-b1547,stfQ,252,coding,gene-b1547,1634884,1635847,964
gene-b1548,nohA,139,coding,gene-b1548,1635797,1636367,571
gene-b1549,ydfO,159,coding,gene-b1549,1637046,1637457,412
gene-b1550,gnsB,88,coding,gene-b1550,1637608,1637782,175
gene-b1551,ynfN,84,coding,gene-b1551,1637953,1638109,157
gene-b1552,cspI,69,coding,gene-b1552,1638454,1638667,214
gene-b1553,rzpQ,85,coding,gene-b1553,1639029,1639527,499
gene-b1554,rrrQ,137,coding,gene-b1554,1639523,1640057,535
gene-b1555,ydfR,80,coding,gene-b1555,1640053,1640365,313
gene-b1556,essQ,50,coding,gene-b1556,1640369,1640585,217
gene-b1557,cspB,116,coding,gene-b1557,1641338,1641554,217
gene-b1558,cspF,89,coding,gene-b1558,1641854,1642067,214
gene-b1559,ydfT,228,coding,gene-b1559,1642488,1643241,754
gene-b1560,ydfU,280,coding,gene-b1560,1643254,1644304,1051
gene-b1561,rem,84,coding,gene-b1561,1644650,1644902,253
gene-b1562,hokD,64,coding,gene-b1562,1645118,1645274,157
gene-b1563,relE,69,coding,gene-b1563,1645345,1645633,289
gene-b1564,relB,56,coding,gene-b1564,1645632,1645872,241
gene-b1565,ydfV,78,coding,gene-b1565,1645896,1646202,307
gene-b1566,flxA,94,coding,gene-b1566,1646404,1646737,334
gene-b1567,ydfW,66,coding,gene-b1567,1647173,1647323,151
gene-b1568,ydfX,74,coding,gene-b1568,1647345,1647636,292
gene-b1569,dicC,66,coding,gene-b1569,1647619,1647850,232
gene-b1570,dicA,107,coding,gene-b1570,1647933,1648341,409
gene-b1571,ydfA,61,coding,gene-b1571,1648507,1648663,157
gene-b1572,ydfB,37,coding,gene-b1572,1648664,1648793,130
gene-b1573,ydfC,59,coding,gene-b1573,1648822,1649041,220
gene-b1574,dicF,48,coding,gene-b1574,1649381,1649434,54
gene-b1575,dicB,60,coding,gene-b1575,1649608,1649797,190
gene-b1576,ydfD,47,coding,gene-b1576,1649793,1649985,193
gene-b1580,rspB,285,coding,gene-b1580,1652895,1653915,1021
gene-b1581,rspA,312,coding,gene-b1581,1653926,1655141,1216
gene-b1582,ynfA,85,coding,gene-b1582,1655346,1655673,328
gene-b1583,ynfB,97,coding,gene-b1583,1655807,1656149,343
gene-b1584,speG,138,coding,gene-b1584,1656183,1656744,562
gene-b1585,ynfC,166,coding,gene-b1585,1656746,1657457,712
gene-b1586,ynfD,98,coding,gene-b1586,1657564,1657870,307
gene-b1587,ynfE,684,coding,gene-b1587,1658068,1660495,2428
gene-b1588,ynfF,645,coding,gene-b1588,1660555,1662979,2425
gene-b1589,ynfG,165,coding,gene-b1589,1662989,1663607,619
gene-b1590,ynfH,185,coding,gene-b1590,1663608,1664463,856
gene-b1591,dmsD,188,coding,gene-b1591,1664505,1665120,616
gene-b1592,clcB,321,coding,gene-b1592,1665314,1666571,1258
gene-b1593,bidA,149,coding,gene-b1593,1666523,1667219,697
gene-b1594,mlc,342,coding,gene-b1594,1667343,1668564,1222
gene-b1595,ynfL,225,coding,gene-b1595,1668698,1669592,895
gene-b1596,ynfM,262,coding,gene-b1596,1669698,1670952,1255
gene-b1597,asr,115,coding,gene-b1597,1671375,1671684,310
gene-b1598,ydgD,214,coding,gene-b1598,1671959,1672781,823
gene-b1599,mdtI,79,coding,gene-b1599,1672819,1673149,331
gene-b1600,mdtJ,95,coding,gene-b1600,1673135,1673501,367
gene-b1601,tqsA,252,coding,gene-b1601,1673912,1674947,1036
gene-b1602,pntB,318,coding,gene-b1602,1674971,1676360,1390
gene-b1603,pntA,411,coding,gene-b1603,1676370,1677903,1534
gene-b1604,ydgH,276,coding,gene-b1604,1678426,1679371,946
gene-b1605,ydgI,364,coding,gene-b1605,1679556,1680939,1384
gene-b1606,folM,190,coding,gene-b1606,1680975,1681698,724
gene-b1607,ydgC,70,coding,gene-b1607,1681694,1682030,337
gene-b1608,rstA,190,coding,gene-b1608,1682158,1682878,721
gene-b1609,rstB,342,coding,gene-b1609,1682881,1684183,1303
gene-b1610,tus,246,coding,gene-b1610,1684258,1685188,931
gene-b1611,fumC,360,coding,gene-b1611,1685184,1686588,1405
gene-b1612,fumA,423,coding,gene-b1612,1686730,1688377,1648
gene-b1613,manA,355,coding,gene-b1613,1688575,1689751,1177
gene-b1614,ydgA,398,coding,gene-b1614,1689851,1691360,1510
gene-b1615,uidC,335,coding,gene-b1615,1691585,1692851,1267
gene-b1616,uidB,327,coding,gene-b1616,1692889,1694263,1375
gene-b1617,uidA,473,coding,gene-b1617,1694259,1696071,1813
gene-b1618,uidR,191,coding,gene-b1618,1696461,1697052,592
gene-b1619,hdhA,238,coding,gene-b1619,1697272,1698040,769
gene-b1620,malI,272,coding,gene-b1620,1698151,1699180,1030
gene-b1621,malX,444,coding,gene-b1621,1699354,1700947,1594
gene-b1622,malY,324,coding,gene-b1622,1700956,1702129,1174
gene-b1623,add,282,coding,gene-b1623,1702232,1703234,1003
gene-b1624,ydgJ,243,coding,gene-b1624,1703267,1704308,1042
gene-b1625,cnu,98,coding,gene-b1625,1704948,1705164,217
gene-b1626,ydgK,123,coding,gene-b1626,1705249,1705690,442
gene-b1627,rsxA,149,coding,gene-b1627,1705766,1706348,583
gene-b1628,rsxB,147,coding,gene-b1628,1706347,1706926,580
gene-b1629,rsxC,575,coding,gene-b1629,1706918,1709141,2224
gene-b1630,rsxD,251,coding,gene-b1630,1709141,1710200,1060
gene-b1631,rsxG,164,coding,gene-b1631,1710203,1710824,622
gene-b1632,rsxE,178,coding,gene-b1632,1710827,1711523,697
gene-b1633,nth,147,coding,gene-b1633,1711522,1712158,637
gene-b1634,dtpA,410,coding,gene-b1634,1712768,1714271,1504
gene-b1635,gstA,159,coding,gene-b1635,1714376,1714982,607
gene-b1636,pdxY,228,coding,gene-b1636,1715025,1715889,865
gene-b1637,tyrS,335,coding,gene-b1637,1715947,1717222,1276
gene-b1638,pdxH,185,coding,gene-b1638,1717350,1718007,658
gene-b1639,mliC,82,coding,gene-b1639,1718065,1718395,331
gene-b1640,anmK,313,coding,gene-b1640,1718492,1719602,1111
gene-b1641,slyB,138,coding,gene-b1641,1719875,1720343,469
gene-b1642,slyA,106,coding,gene-b1642,1720389,1720824,436
gene-b1643,ydhI,91,coding,gene-b1643,1721024,1721261,238
gene-b1644,ydhJ,224,coding,gene-b1644,1721263,1722121,859
gene-b1645,ydhK,531,coding,gene-b1645,1722120,1724133,2014
gene-b1646,sodC,129,coding,gene-b1646,1724133,1724655,523
gene-b1647,ydhF,211,coding,gene-b1647,1724735,1725632,898
gene-b1648,ydhL,60,coding,gene-b1648,1725680,1725920,241
gene-b1649,nemR,177,coding,gene-b1649,1726022,1726622,601
gene-b1650,nemA,281,coding,gene-b1650,1726658,1727756,1099
gene-b1651,gloA,114,coding,gene-b1651,1727836,1728244,409
gene-b1652,rnt,188,coding,gene-b1652,1728346,1728994,649
gene-b1653,lhr,1225,coding,gene-b1653,1729086,1733703,4618
gene-b1654,grxD,91,coding,gene-b1654,1733753,1734101,349
gene-b1655,mepH,221,coding,gene-b1655,1734434,1735250,817
gene-b1656,sodB,163,coding,gene-b1656,1735377,1735959,583
gene-b1657,ydhP,287,coding,gene-b1657,1736120,1737290,1171
gene-b1658,purR,326,coding,gene-b1658,1737843,1738869,1027
gene-b1659,punR,253,coding,gene-b1659,1738865,1739798,934
gene-b1660,punC,319,coding,gene-b1660,1739910,1741122,1213
gene-b1661,cfa,325,coding,gene-b1661,1741412,1742561,1150
gene-b1662,ribC,180,coding,gene-b1662,1742600,1743242,643
gene-b1663,mdtK,344,coding,gene-b1663,1743456,1744830,1375
gene-b1664,ydhQ,301,coding,gene-b1664,1744870,1746127,1258
gene-b1665,valV,50,coding,gene-b1665,1746434,1746511,78
gene-b1666,valW,21,coding,gene-b1666,1746515,1746592,78
gene-b1667,ydhR,86,coding,gene-b1667,1746699,1747005,307
gene-b1668,ydhS,373,coding,gene-b1668,1747130,1748735,1606
gene-b1669,ydhT,207,coding,gene-b1669,1748746,1749559,814
gene-b1670,ydhU,173,coding,gene-b1670,1749562,1750348,787
gene-b1671,ydhX,164,coding,gene-b1671,1750344,1751013,670
gene-b1672,ydhW,162,coding,gene-b1672,1751076,1751724,649
gene-b1673,ydhV,552,coding,gene-b1673,1751727,1753830,2104
gene-b1674,ydhY,156,coding,gene-b1674,1753850,1754477,628
gene-b1675,fumD,122,coding,gene-b1675,1754931,1755141,211
gene-b1676,pykF,341,coding,gene-b1676,1755697,1757110,1414
gene-b1677,lpp,110,coding,gene-b1677,1757420,1757657,238
gene-b1678,ldtE,245,coding,gene-b1678,1757720,1758725,1006
gene-b1679,sufE,121,coding,gene-b1679,1758873,1759290,418
gene-b1680,sufS,336,coding,gene-b1680,1759302,1760523,1222
gene-b1681,sufD,339,coding,gene-b1681,1760519,1761791,1273
gene-b1682,sufC,208,coding,gene-b1682,1761765,1762512,748
gene-b1683,sufB,362,coding,gene-b1683,1762521,1764009,1489
gene-b1684,sufA,97,coding,gene-b1684,1764017,1764386,370
gene-b1685,ydiH,52,coding,gene-b1685,1764933,1765122,190
gene-b1686,menI,103,coding,gene-b1686,1765221,1765632,412
gene-b1687,ydiJ,798,coding,gene-b1687,1765628,1768685,3058
gene-b1688,ydiK,324,coding,gene-b1688,1769073,1770186,1114
gene-b1689,ydiL,85,coding,gene-b1689,1770614,1770971,358
gene-b1690,ydiM,292,coding,gene-b1690,1771070,1772285,1216
gene-b1691,ydiN,333,coding,gene-b1691,1772511,1773777,1267
gene-b1692,ydiB,261,coding,gene-b1692,1773788,1774655,868
gene-b1693,aroD,192,coding,gene-b1693,1774685,1775444,760
gene-b1694,ydiF,435,coding,gene-b1694,1775586,1777182,1597
gene-b1695,ydiO,329,coding,gene-b1695,1777195,1778347,1153
gene-b1696,ydiP,292,coding,gene-b1696,1778389,1779301,913
gene-b1697,ydiQ,244,coding,gene-b1697,1779616,1780381,766
gene-b1698,ydiR,220,coding,gene-b1698,1780400,1781339,940
gene-b1699,ydiS,330,coding,gene-b1699,1781394,1782684,1291
gene-b1700,ydiT,83,coding,gene-b1700,1782680,1782974,295
gene-b1701,fadK,461,coding,gene-b1701,1782976,1784677,1702
gene-b1702,ppsA,635,coding,gene-b1702,1784733,1787112,2380
gene-b1703,ppsR,271,coding,gene-b1703,1787444,1788278,835
gene-b1704,aroH,268,coding,gene-b1704,1788434,1789481,1048
gene-b1705,ydiE,92,coding,gene-b1705,1789612,1789804,193
gene-b1706,selO,366,coding,gene-b1706,1789807,1791244,1438
gene-b1707,rflP,212,coding,gene-b1707,1791306,1792020,715
gene-b1708,nlpC,164,coding,gene-b1708,1792266,1792731,466
gene-b1709,btuD,207,coding,gene-b1709,1792808,1793558,751
gene-b1710,btuE,144,coding,gene-b1710,1793557,1794109,553
gene-b1711,btuC,232,coding,gene-b1711,1794171,1795152,982
gene-b1712,ihfA,89,coding,gene-b1712,1795252,1795552,301
gene-b1713,pheT,579,coding,gene-b1713,1795556,1797944,2389
gene-b1714,pheS,237,coding,gene-b1714,1797958,1798942,985
gene-b1715,pheM,44,coding,gene-b1715,1799225,1799270,46
gene-b1716,rplT,122,coding,gene-b1716,1799392,1799749,358
gene-b1717,rpmI,59,coding,gene-b1717,1799801,1799999,199
gene-b1718,infC,164,coding,gene-b1718,1800095,1800638,544
gene-b1719,thrS,498,coding,gene-b1719,1800641,1802570,1930
gene-b1722,ydiY,187,coding,gene-b1722,1805324,1806083,760
gene-b1723,pfkB,312,coding,gene-b1723,1806369,1807299,931
gene-b1724,ydiZ,80,coding,gene-b1724,1807399,1807690,292
gene-b1725,yniA,236,coding,gene-b1725,1807795,1808656,862
gene-b1726,yniB,127,coding,gene-b1726,1808696,1809233,538
gene-b1727,hxpB,182,coding,gene-b1727,1809379,1810048,670
gene-b1728,ydjM,174,coding,gene-b1728,1810210,1810801,592
gene-b1729,tcyP,354,coding,gene-b1729,1810933,1812325,1393
gene-b1730,ydjO,275,coding,gene-b1730,1812328,1813132,805
gene-b1731,cedA,83,coding,gene-b1731,1813420,1813663,244
gene-b1732,katE,608,coding,gene-b1732,1813866,1816128,2263
gene-b1733,chbG,220,coding,gene-b1733,1816385,1817135,751
gene-b1734,chbF,362,coding,gene-b1734,1817147,1818500,1354
gene-b1735,chbR,250,coding,gene-b1735,1818604,1819447,844
gene-b1736,chbA,90,coding,gene-b1736,1819454,1819805,352
gene-b1737,chbC,358,coding,gene-b1737,1819855,1821214,1360
gene-b1738,chbB,101,coding,gene-b1738,1821298,1821619,322
gene-b1739,osmE,114,coding,gene-b1739,1821917,1822256,340
gene-b1740,nadE,226,coding,gene-b1740,1822457,1823285,829
gene-b1741,cho,252,coding,gene-b1741,1823514,1824402,889
gene-b1742,ves,140,coding,gene-b1742,1824361,1824937,577
gene-b1743,spy,146,coding,gene-b1743,1825139,1825625,487
gene-b1744,astE,285,coding,gene-b1744,1825954,1826923,970
gene-b1745,astB,323,coding,gene-b1745,1826915,1828259,1345
gene-b1746,astD,414,coding,gene-b1746,1828255,1829734,1480
gene-b1747,astA,288,coding,gene-b1747,1829730,1830765,1036
gene-b1748,astC,316,coding,gene-b1748,1830761,1831982,1222
gene-b1749,xthA,269,coding,gene-b1749,1832427,1833234,808
gene-b1750,ydjX,137,coding,gene-b1750,1833400,1834111,712
gene-b1751,ydjY,155,coding,gene-b1751,1834115,1834793,679
gene-b1752,ydjZ,145,coding,gene-b1752,1834807,1835515,709
gene-b1753,ynjA,173,coding,gene-b1753,1835514,1836063,550
gene-b1754,ynjB,332,coding,gene-b1754,1836072,1837239,1168
gene-b1755,ynjC,388,coding,gene-b1755,1837211,1838747,1537
gene-b1756,ynjD,171,coding,gene-b1756,1838746,1839400,655
gene-b1757,ynjE,343,coding,gene-b1757,1839466,1840774,1309
gene-b1758,ynjF,145,coding,gene-b1758,1840782,1841403,622
gene-b1759,nudG,104,coding,gene-b1759,1841489,1841897,409
gene-b1760,ynjH,62,coding,gene-b1760,1841862,1842135,274
gene-b1761,gdhA,374,coding,gene-b1761,1842370,1843714,1345
gene-b1762,ynjI,310,coding,gene-b1762,1843830,1844871,1042
gene-b1763,topB,542,coding,gene-b1763,1844998,1846960,1963
gene-b1764,selD,266,coding,gene-b1764,1846964,1848008,1045
gene-b1765,ydjA,147,coding,gene-b1765,1848124,1848676,553
gene-b1766,sppA,480,coding,gene-b1766,1848836,1850693,1858
gene-b1767,ansA,279,coding,gene-b1767,1850859,1851876,1018
gene-b1768,pncA,141,coding,gene-b1768,1851886,1852528,643
gene-b1769,ydjE,335,coding,gene-b1769,1852620,1853979,1360
gene-b1770,ydjF,222,coding,gene-b1770,1854095,1854854,760
gene-b1771,ydjG,270,coding,gene-b1771,1854990,1855971,982
gene-b1772,ydjH,238,coding,gene-b1772,1855980,1856928,949
gene-b1773,ydjI,215,coding,gene-b1773,1856932,1857769,838
gene-b1774,ydjJ,267,coding,gene-b1774,1857789,1858833,1045
gene-b1775,ydjK,323,coding,gene-b1775,1858849,1860229,1381
gene-b1776,ydjL,285,coding,gene-b1776,1860255,1861332,1078
gene-b1777,yeaC,109,coding,gene-b1777,1861701,1861974,274
gene-b1778,msrB,117,coding,gene-b1778,1862015,1862429,415
gene-b1779,gapA,306,coding,gene-b1779,1862770,1863766,997
gene-b1780,yeaD,263,coding,gene-b1780,1863849,1864734,886
gene-b1781,yeaE,229,coding,gene-b1781,1864781,1865636,856
gene-b1782,mipA,223,coding,gene-b1782,1865725,1866472,748
gene-b1783,yeaG,528,coding,gene-b1783,1866907,1868842,1936
gene-b1784,yeaH,380,coding,gene-b1784,1868954,1870238,1285
gene-b1785,cdgI,424,coding,gene-b1785,1870384,1871860,1477
gene-b1786,dgcJ,405,coding,gene-b1786,1872040,1873531,1492
gene-b1787,yeaK,140,coding,gene-b1787,1873573,1874077,505
gene-b1788,yoaI,20,coding,gene-b1788,1874077,1874182,106
gene-b1789,yeaL,149,coding,gene-b1789,1874351,1874798,448
gene-b1790,nimR,204,coding,gene-b1790,1874754,1875576,823
gene-b1791,nimT,253,coding,gene-b1791,1875672,1876854,1183
gene-b1792,yeaO,96,coding,gene-b1792,1876908,1877256,349
gene-b1793,yoaF,56,coding,gene-b1793,1877277,1877532,256
gene-b1794,dgcP,343,coding,gene-b1794,1877714,1878740,1027
gene-b1795,yeaQ,52,coding,gene-b1795,1879006,1879255,250
gene-b1796,yoaG,63,coding,gene-b1796,1879402,1879585,184
gene-b1797,yeaR,89,coding,gene-b1797,1879588,1879948,361
gene-b1798,leuE,159,coding,gene-b1798,1880120,1880759,640
gene-b1799,dmlR,243,coding,gene-b1799,1880885,1881809,925
gene-b1800,dmlA,312,coding,gene-b1800,1881911,1882997,1087
gene-b1801,yeaV,372,coding,gene-b1801,1883187,1884633,1447
gene-b1802,yeaW,287,coding,gene-b1802,1884664,1885789,1126
gene-b1803,yeaX,245,coding,gene-b1803,1885844,1886810,967
gene-b1804,rnd,302,coding,gene-b1804,1886863,1887991,1129
gene-b1805,fadD,463,coding,gene-b1805,1888060,1889746,1687
gene-b1806,yeaY,179,coding,gene-b1806,1889950,1890532,583
gene-b1807,tsaB,174,coding,gene-b1807,1890571,1891267,697
gene-b1808,yoaA,513,coding,gene-b1808,1891324,1893235,1912
gene-b1809,yoaB,97,coding,gene-b1809,1893366,1893711,346
gene-b1810,yoaC,142,coding,gene-b1810,1894132,1894432,301
gene-b1811,yoaH,63,coding,gene-b1811,1894551,1894731,181
gene-b1812,pabB,341,coding,gene-b1812,1894804,1896166,1363
gene-b1813,nudL,157,coding,gene-b1813,1896169,1896748,580
gene-b1814,sdaA,381,coding,gene-b1814,1896931,1898296,1366
gene-b1815,pdeD,426,coding,gene-b1815,1898426,1900025,1600
gene-b1816,yoaE,393,coding,gene-b1816,1900028,1901585,1558
gene-b1817,manX,312,coding,gene-b1817,1902047,1903019,973
gene-b1818,manY,199,coding,gene-b1818,1903081,1903882,802
gene-b1819,manZ,194,coding,gene-b1819,1903894,1904746,853
gene-b1820,yobD,131,coding,gene-b1820,1904800,1905259,460
gene-b1821,mntP,202,coding,gene-b1821,1905687,1906254,568
gene-b1822,rlmA,205,coding,gene-b1822,1906250,1907060,811
gene-b1823,cspC,64,coding,gene-b1823,1907225,1907435,211
gene-b1824,yobF,28,coding,gene-b1824,1907447,1907591,145
gene-b1825,yebO,128,coding,gene-b1825,1908260,1908548,289
gene-b1826,mgrB,31,coding,gene-b1826,1908622,1908766,145
gene-b1827,kdgR,227,coding,gene-b1827,1909307,1910099,793
gene-b1828,yebQ,315,coding,gene-b1828,1910275,1911649,1375
gene-b1829,htpX,239,coding,gene-b1829,1911694,1912576,883
gene-b1830,prc,554,coding,gene-b1830,1912767,1914816,2050
gene-b1831,proQ,171,coding,gene-b1831,1914835,1915534,700
gene-b1832,msrC,168,coding,gene-b1832,1915630,1916128,499
gene-b1833,letA,319,coding,gene-b1833,1916257,1917541,1285
gene-b1834,letB,662,coding,gene-b1834,1917509,1920143,2635
gene-b1835,rsmF,380,coding,gene-b1835,1920222,1921662,1441
gene-b1836,yebV,59,coding,gene-b1836,1921779,1922016,238
gene-b1837,yebW,37,coding,gene-b1837,1922120,1922312,193
gene-b1838,pphA,165,coding,gene-b1838,1922312,1922969,658
gene-b1839,yebY,105,coding,gene-b1839,1923364,1923706,343
gene-b1840,yebZ,193,coding,gene-b1840,1923718,1924591,874
gene-b1841,yobA,82,coding,gene-b1841,1924594,1924969,376
gene-b1842,holE,64,coding,gene-b1842,1925107,1925338,232
gene-b1843,yobB,162,coding,gene-b1843,1925439,1926096,658
gene-b1844,exoX,174,coding,gene-b1844,1926119,1926782,664
gene-b1845,ptrB,504,coding,gene-b1845,1926778,1928839,2062
gene-b1846,yebE,172,coding,gene-b1846,1929047,1929707,661
gene-b1847,yebF,104,coding,gene-b1847,1930033,1930390,358
gene-b1848,yebG,77,coding,gene-b1848,1930456,1930747,292
gene-b1849,purT,338,coding,gene-b1849,1930880,1932059,1180
gene-b1850,eda,165,coding,gene-b1850,1932114,1932756,643
gene-b1851,edd,475,coding,gene-b1851,1932792,1934604,1813
gene-b1852,zwf,387,coding,gene-b1852,1934838,1936314,1477
gene-b1853,yebK,286,coding,gene-b1853,1936651,1937521,871
gene-b1854,pykA,387,coding,gene-b1854,1937648,1939091,1444
gene-b1855,lpxM,248,coding,gene-b1855,1939221,1940193,973
gene-b1856,mepM,338,coding,gene-b1856,1940312,1941635,1324
gene-b1857,znuA,246,coding,gene-b1857,1941650,1942583,934
gene-b1858,znuC,208,coding,gene-b1858,1942661,1943417,757
gene-b1859,znuB,153,coding,gene-b1859,1943413,1944199,787
gene-b1860,ruvB,267,coding,gene-b1860,1944345,1945356,1012
gene-b1861,ruvA,171,coding,gene-b1861,1945364,1945976,613
gene-b1862,yebB,181,coding,gene-b1862,1946250,1946853,604
gene-b1863,ruvC,146,coding,gene-b1863,1946854,1947376,523
gene-b1864,yebC,198,coding,gene-b1864,1947410,1948151,742
gene-b1865,nudB,119,coding,gene-b1865,1948179,1948632,454
gene-b1866,aspS,484,coding,gene-b1866,1948749,1950522,1774
gene-b1867,yecD,160,coding,gene-b1867,1950831,1951398,568
gene-b1868,yecE,203,coding,gene-b1868,1951394,1952213,820
gene-b1869,yecN,100,coding,gene-b1869,1952265,1952661,397
gene-b1870,cmoA,198,coding,gene-b1870,1952701,1953445,745
gene-b1871,cmoB,249,coding,gene-b1871,1953441,1954413,973
gene-b1872,torZ,617,coding,gene-b1872,1954577,1957007,2431
gene-b1873,torY,269,coding,gene-b1873,1957031,1958132,1102
gene-b1874,cutC,206,coding,gene-b1874,1958519,1959266,748
gene-b1875,yecM,140,coding,gene-b1875,1959279,1959846,568
gene-b1876,argS,458,coding,gene-b1876,1960061,1961795,1735
gene-b1877,yecT,158,coding,gene-b1877,1961971,1962460,490
gene-b1878,flhE,112,coding,gene-b1878,1962579,1962972,394
gene-b1879,flhA,502,coding,gene-b1879,1962971,1965050,2080
gene-b1880,flhB,305,coding,gene-b1880,1965042,1966191,1150
gene-b1881,cheZ,208,coding,gene-b1881,1966392,1967037,646
gene-b1882,cheY,98,coding,gene-b1882,1967047,1967437,391
gene-b1883,cheB,293,coding,gene-b1883,1967451,1968501,1051
gene-b1884,cheR,219,coding,gene-b1884,1968503,1969364,862
gene-b1885,tap,422,coding,gene-b1885,1969382,1970984,1603
gene-b1886,tar,439,coding,gene-b1886,1971029,1972691,1663
gene-b1887,cheW,141,coding,gene-b1887,1972835,1973339,505
gene-b1888,cheA,485,coding,gene-b1888,1973359,1975324,1966
gene-b1889,motB,236,coding,gene-b1889,1975328,1976255,928
gene-b1890,motA,216,coding,gene-b1890,1976251,1977139,889
gene-b1891,flhC,153,coding,gene-b1891,1977265,1977844,580
gene-b1892,flhD,82,coding,gene-b1892,1977846,1978197,352
gene-b1893,insB5,141,coding,gene-b1893,1978517,1979021,505
gene-b1894,insA5,49,coding,gene-b1894,1978939,1979215,277
gene-b1895,uspC,177,coding,gene-b1895,1979752,1980181,430
gene-b1896,otsA,368,coding,gene-b1896,1980187,1981612,1426
gene-b1897,otsB,193,coding,gene-b1897,1981586,1982387,802
gene-b1900,araG,401,coding,gene-b1900,1983554,1985069,1516
gene-b1901,araF,253,coding,gene-b1901,1985138,1986128,991
gene-b1902,ftnB,208,coding,gene-b1902,1986924,1987428,505
gene-b1904,yecR,109,coding,gene-b1904,1988221,1988545,325
gene-b1905,ftnA,167,coding,gene-b1905,1988715,1989213,499
gene-b1906,yecH,72,coding,gene-b1906,1989250,1989490,241
gene-b1907,tyrP,293,coding,gene-b1907,1989680,1990892,1213
gene-b1908,yecA,151,coding,gene-b1908,1990953,1991619,667
gene-b1909,leuZ,17,coding,gene-b1909,1991814,1991901,88
gene-b1910,cysT,26,coding,gene-b1910,1991913,1991987,75
gene-b1911,glyW,19,coding,gene-b1911,1992041,1992117,77
gene-b1912,pgsA,153,coding,gene-b1912,1992268,1992817,550
gene-b1913,uvrC,527,coding,gene-b1913,1992873,1994706,1834
gene-b1914,uvrY,175,coding,gene-b1914,1994702,1995359,658
gene-b1915,yecF,46,coding,gene-b1915,1995817,1996042,226
gene-b1916,sdiA,202,coding,gene-b1916,1996109,1996832,724
gene-b1917,tcyN,196,coding,gene-b1917,1997061,1997814,754
gene-b1918,tcyL,168,coding,gene-b1918,1997810,1998479,670
gene-b1919,dcyD,244,coding,gene-b1919,1998493,1999480,988
gene-b1920,tcyJ,225,coding,gene-b1920,1999584,2000385,802
gene-b1921,fliZ,144,coding,gene-b1921,2000472,2001024,553
gene-b1922,fliA,184,coding,gene-b1922,2001069,2001789,721
gene-b1923,fliC,393,coding,gene-b1923,2002109,2003606,1498
gene-b1924,fliD,360,coding,gene-b1924,2003871,2005278,1408
gene-b1925,fliS,102,coding,gene-b1925,2005302,2005713,412
gene-b1926,fliT,67,coding,gene-b1926,2005712,2006078,367
gene-b1927,amyA,404,coding,gene-b1927,2006155,2007643,1489
gene-b1928,yedD,122,coding,gene-b1928,2007676,2008090,415
gene-b1929,yedE,309,coding,gene-b1929,2008276,2009482,1207
gene-b1930,yedF,55,coding,gene-b1930,2009478,2009712,235
gene-b1931,yedK,185,coding,gene-b1931,2009820,2010489,670
gene-b1932,yedL,142,coding,gene-b1932,2010599,2011079,481
gene-b1937,fliE,129,coding,gene-b1937,2012699,2013014,316
gene-b1938,fliF,409,coding,gene-b1938,2013228,2014887,1660
gene-b1939,fliG,283,coding,gene-b1939,2014879,2015875,997
gene-b1940,fliH,179,coding,gene-b1940,2015867,2016554,688
gene-b1941,fliI,391,coding,gene-b1941,2016553,2017927,1375
gene-b1942,fliJ,132,coding,gene-b1942,2017945,2018389,445
gene-b1943,fliK,268,coding,gene-b1943,2018385,2019513,1129
gene-b1944,fliL,114,coding,gene-b1944,2019617,2020082,466
gene-b1945,fliM,271,coding,gene-b1945,2020086,2021091,1006
gene-b1946,fliN,100,coding,gene-b1946,2021087,2021501,415
gene-b1947,fliO,94,coding,gene-b1947,2021503,2021869,367
gene-b1948,fliP,172,coding,gene-b1948,2021868,2022606,739
gene-b1949,fliQ,58,coding,gene-b1949,2022615,2022885,271
gene-b1950,fliR,216,coding,gene-b1950,2022892,2023678,787
gene-b1951,rcsA,221,coding,gene-b1951,2023967,2024591,625
gene-b1952,dsrB,39,coding,gene-b1952,2024634,2024823,190
gene-b1953,yodD,78,coding,gene-b1953,2024985,2025213,229
gene-b1954,dsrA,23,coding,gene-b1954,2025222,2025313,92
gene-b1955,yedP,257,coding,gene-b1955,2025510,2026326,817
gene-b1956,dgcQ,438,coding,gene-b1956,2026322,2028017,1696
gene-b1957,yodC,48,coding,gene-b1957,2028187,2028370,184
gene-b1958,yedI,224,coding,gene-b1958,2028448,2029366,919
gene-b1959,yedA,217,coding,gene-b1959,2029538,2030459,922
gene-b1960,vsr,128,coding,gene-b1960,2030447,2030918,472
gene-b1961,dcm,387,coding,gene-b1961,2030898,2032317,1420
gene-b1962,yedJ,183,coding,gene-b1962,2032383,2033079,697
gene-b1963,drpB,62,coding,gene-b1963,2033118,2033421,304
gene-b1967,hchA,275,coding,gene-b1967,2035834,2036686,853
gene-b1968,hprS,393,coding,gene-b1968,2036793,2038152,1360
gene-b1969,hprR,200,coding,gene-b1969,2038151,2038823,673
gene-b1970,hiuH,122,coding,gene-b1970,2038955,2039369,415
gene-b1971,msrP,283,coding,gene-b1971,2039477,2040482,1006
gene-b1972,msrQ,172,coding,gene-b1972,2040482,2041118,637
gene-b1973,zinT,229,coding,gene-b1973,2041374,2042025,652
gene-b1974,yodB,189,coding,gene-b1974,2042367,2042898,532
gene-b1975,serU,68,coding,gene-b1975,2043467,2043557,91
gene-b1976,mtfA,224,coding,gene-b1976,2043650,2044448,799
gene-b1977,asnT,24,coding,gene-b1977,2044548,2044624,77
gene-b1978,yeeJ,1809,coding,gene-b1978,2044937,2052014,7078
gene-b1981,shiA,378,coding,gene-b1981,2053642,2054959,1318
gene-b1982,amn,398,coding,gene-b1982,2055060,2056515,1456
gene-b1983,yeeN,277,coding,gene-b1983,2056857,2057574,718
gene-b1984,asnW,85,coding,gene-b1984,2058026,2058102,77
gene-b1985,yeeO,395,coding,gene-b1985,2058202,2059846,1645
gene-b1986,asnU,15,coding,gene-b1986,2059850,2059926,77
gene-b1987,cbl,205,coding,gene-b1987,2059963,2060914,952
gene-b1988,nac,235,coding,gene-b1988,2061015,2061933,919
gene-b1989,asnV,79,coding,gene-b1989,2062259,2062335,77
gene-b1990,ldtA,245,coding,gene-b1990,2062390,2063323,934
gene-b1991,cobT,266,coding,gene-b1991,2063387,2064467,1081
gene-b1992,cobS,182,coding,gene-b1992,2064478,2065222,745
gene-b1993,cobU,134,coding,gene-b1993,2065218,2065764,547
gene-b1994,insH6,296,coding,gene-b1994,2066304,2067285,982
gene-b1996,insD3,260,coding,gene-b1996,2068951,2069857,907
gene-b1997,insC3,78,coding,gene-b1997,2069814,2070180,367
gene-b2000,flu,872,coding,gene-b2000,2071538,2074658,3121
gene-b2001,yeeR,416,coding,gene-b2001,2074778,2076311,1534
gene-b2002,yeeS,125,coding,gene-b2002,2076307,2076754,448
gene-b2003,yeeT,57,coding,gene-b2003,2076816,2077038,223
gene-b2004,cbeA,107,coding,gene-b2004,2077111,2077480,370
gene-b2005,cbtA,106,coding,gene-b2005,2077568,2077943,376
gene-b2006,yeeW,49,coding,gene-b2006,2077939,2078134,196
gene-b2007,tmaR,91,coding,gene-b2007,2079031,2079361,331
gene-b2008,yeeA,267,coding,gene-b2008,2079532,2080591,1060
gene-b2009,sbmC,124,coding,gene-b2009,2080788,2081262,475
gene-b2010,dacD,307,coding,gene-b2010,2081380,2082547,1168
gene-b2011,sbcB,385,coding,gene-b2011,2082755,2084183,1429
gene-b2012,tsuB,51,coding,gene-b2012,2084225,2084453,229
gene-b2013,tsuA,236,coding,gene-b2013,2084466,2085525,1060
gene-b2014,plaP,340,coding,gene-b2014,2085703,2087062,1360
gene-b2015,yeeY,251,coding,gene-b2015,2087328,2088258,931
gene-b2016,yeeZ,178,coding,gene-b2016,2088303,2089128,826
gene-b2017,yefM,61,coding,gene-b2017,2089461,2089713,253
gene-b2018,hisL,44,coding,gene-b2018,2089995,2090046,52
gene-b2019,hisG,243,coding,gene-b2019,2090191,2091091,901
gene-b2020,hisD,334,coding,gene-b2020,2091096,2092401,1306
gene-b2021,hisC,277,coding,gene-b2021,2092397,2093468,1072
gene-b2022,hisB,264,coding,gene-b2022,2093467,2094535,1069
gene-b2023,hisH,157,coding,gene-b2023,2094534,2095125,592
gene-b2024,hisA,163,coding,gene-b2024,2095124,2095862,739
gene-b2025,hisF,209,coding,gene-b2025,2095843,2096620,778
gene-b2026,hisI,147,coding,gene-b2026,2096613,2097225,613
gene-b2027,wzzB,248,coding,gene-b2027,2097320,2098301,982
gene-b2028,ugd,342,coding,gene-b2028,2098446,2099613,1168
gene-b2029,gnd,403,coding,gene-b2029,2099861,2101268,1408
gene-b2030,insH7,307,coding,gene-b2030,2101894,2102875,982
gene-b2032,wbbK,449,coding,gene-b2032,2103390,2104509,1120
gene-b2033,wbbJ,126,coding,gene-b2033,2104493,2105084,592
gene-b2034,wbbI,311,coding,gene-b2034,2105064,2106057,994
gene-b2035,wbbH,375,coding,gene-b2035,2106059,2107226,1168
gene-b2036,glf,340,coding,gene-b2036,2107225,2108329,1105
gene-b2037,rfbX,364,coding,gene-b2037,2108336,2109584,1249
gene-b2038,rfbC,156,coding,gene-b2038,2109580,2110138,559
gene-b2039,rfbA,218,coding,gene-b2039,2110137,2111019,883
gene-b2040,rfbD,230,coding,gene-b2040,2111076,2111976,901
gene-b2041,rfbB,265,coding,gene-b2041,2111975,2113061,1087
gene-b2042,galF,261,coding,gene-b2042,2113433,2114327,895
gene-b2043,wcaM,406,coding,gene-b2043,2114501,2115896,1396
gene-b2044,wcaL,288,coding,gene-b2044,2115906,2117127,1222
gene-b2045,wcaK,334,coding,gene-b2045,2117123,2118404,1282
gene-b2046,wzxC,410,coding,gene-b2046,2118679,2120158,1480
gene-b2047,wcaJ,336,coding,gene-b2047,2120159,2121554,1396
gene-b2048,cpsG,366,coding,gene-b2048,2121608,2122979,1372
gene-b2049,cpsB,372,coding,gene-b2049,2123083,2124520,1438
gene-b2050,wcaI,337,coding,gene-b2050,2124522,2125746,1225
gene-b2051,gmm,128,coding,gene-b2051,2125742,2126222,481
gene-b2052,fcl,246,coding,gene-b2052,2126224,2127190,967
gene-b2053,gmd,285,coding,gene-b2053,2127192,2128314,1123
gene-b2054,wcaF,161,coding,gene-b2054,2128339,2128888,550
gene-b2055,wcaE,194,coding,gene-b2055,2128903,2129650,748
gene-b2056,wcaD,272,coding,gene-b2056,2129660,2130878,1219
gene-b2057,wcaC,314,coding,gene-b2057,2130852,2132070,1219
gene-b2058,wcaB,126,coding,gene-b2058,2132066,2132555,490
gene-b2059,wcaA,187,coding,gene-b2059,2132557,2133397,841
gene-b2060,wzc,583,coding,gene-b2060,2133489,2135652,2164
gene-b2061,wzb,110,coding,gene-b2061,2135654,2136098,445
gene-b2062,wza,270,coding,gene-b2062,2136103,2137243,1141
gene-b2063,yegH,451,coding,gene-b2063,2137901,2139485,1585
gene-b2064,asmA,502,coding,gene-b2064,2139758,2141612,1855
gene-b2065,dcd,161,coding,gene-b2065,2141633,2142215,583
gene-b2066,udk,174,coding,gene-b2066,2142306,2142948,643
gene-b2067,dgcE,871,coding,gene-b2067,2143265,2146583,3319
gene-b2068,alkA,226,coding,gene-b2068,2146691,2147540,850
gene-b2069,yegD,425,coding,gene-b2069,2147673,2149026,1354
gene-b2070,yegI,506,coding,gene-b2070,2149038,2150985,1948
gene-b2071,yegJ,136,coding,gene-b2071,2151184,2151646,463
gene-b2072,pphC,190,coding,gene-b2072,2151710,2152472,763
gene-b2073,yegL,156,coding,gene-b2073,2152468,2153128,661
gene-b2074,mdtA,358,coding,gene-b2074,2154015,2155263,1249
gene-b2075,mdtB,873,coding,gene-b2075,2155262,2158385,3124
gene-b2076,mdtC,800,coding,gene-b2076,2158385,2161463,3079
gene-b2077,mdtD,363,coding,gene-b2077,2161463,2162879,1417
gene-b2078,baeS,419,coding,gene-b2078,2162875,2164279,1405
gene-b2079,baeR,201,coding,gene-b2079,2164275,2164998,724
gene-b2080,yegP,90,coding,gene-b2080,2165188,2165521,334
gene-b2081,trhP,398,coding,gene-b2081,2165667,2167029,1363
gene-b2082,ogrK,56,coding,gene-b2082,2167301,2167520,220
gene-b2085,yegR,129,coding,gene-b2085,2167988,2168306,319
gene-b2086,yegS,248,coding,gene-b2086,2168711,2169611,901
gene-b2088,insE5,138,coding,gene-b2088,2170235,2170535,301
gene-b2089,insF5,284,coding,gene-b2089,2170531,2171398,868
gene-b2091,gatD,338,coding,gene-b2091,2171832,2172873,1042
gene-b2093,gatB,116,coding,gene-b2093,2174281,2174566,286
gene-b2094,gatA,142,coding,gene-b2094,2174596,2175049,454
gene-b2095,gatZ,345,coding,gene-b2095,2175058,2176321,1264
gene-b2096,gatY,232,coding,gene-b2096,2176349,2177204,856
gene-b2097,fbaB,284,coding,gene-b2097,2177511,2178564,1054
gene-b2098,yegT,350,coding,gene-b2098,2178820,2180098,1279
gene-b2099,yegU,254,coding,gene-b2099,2180094,2181099,1006
gene-b2100,yegV,253,coding,gene-b2100,2181095,2182061,967
gene-b2101,yegW,195,coding,gene-b2101,2182034,2182781,748
gene-b2102,yegX,161,coding,gene-b2102,2182832,2183651,820
gene-b2103,thiD,206,coding,gene-b2103,2183715,2184516,802
gene-b2104,thiM,217,coding,gene-b2104,2184512,2185301,790
gene-b2105,rcnR,93,coding,gene-b2105,2185523,2185796,274
gene-b2106,rcnA,242,coding,gene-b2106,2185916,2186741,826
gene-b2107,rcnB,123,coding,gene-b2107,2186959,2187298,340
gene-b2108,yehA,298,coding,gene-b2108,2187379,2188414,1036
gene-b2109,yehB,642,coding,gene-b2109,2188429,2190910,2482
gene-b2110,yehC,196,coding,gene-b2110,2190925,2191645,721
gene-b2111,yehD,131,coding,gene-b2111,2191679,2192222,544
gene-b2112,yehE,140,coding,gene-b2112,2192514,2192796,283
gene-b2113,mrp,308,coding,gene-b2113,2193058,2194168,1111
gene-b2114,metG,555,coding,gene-b2114,2194299,2196333,2035
gene-b2115,yehF,213,coding,gene-b2115,2196473,2197298,826
gene-b2118,yehI,985,coding,gene-b2118,2200278,2203911,3634
gene-b2119,yehL,338,coding,gene-b2119,2204595,2205684,1090
gene-b2120,yehM,617,coding,gene-b2120,2205694,2207974,2281
gene-b2121,yehP,303,coding,gene-b2121,2207966,2209103,1138
gene-b2122,yehQ,484,coding,gene-b2122,2209099,2210944,1846
gene-b2123,yehR,162,coding,gene-b2123,2211224,2211686,463
gene-b2124,yehS,142,coding,gene-b2124,2211725,2212196,472
gene-b2125,btsR,193,coding,gene-b2125,2212242,2212962,721
gene-b2126,btsS,431,coding,gene-b2126,2212958,2214644,1687
gene-b2127,mlrA,211,coding,gene-b2127,2214865,2215597,733
gene-b2128,yehW,167,coding,gene-b2128,2215744,2216476,733
gene-b2129,yehX,246,coding,gene-b2129,2216480,2217407,928
gene-b2130,yehY,281,coding,gene-b2130,2217399,2218557,1159
gene-b2131,osmF,241,coding,gene-b2131,2218563,2219481,919
gene-b2132,bglX,624,coding,gene-b2132,2219691,2221989,2299
gene-b2133,dld,478,coding,gene-b2133,2222184,2223900,1717
gene-b2134,pbpG,237,coding,gene-b2134,2223937,2224870,934
gene-b2135,yohC,140,coding,gene-b2135,2225043,2225631,589
gene-b2136,yohD,140,coding,gene-b2136,2225800,2226379,580
gene-b2137,yohF,202,coding,gene-b2137,2226508,2227270,763
gene-b2140,dusC,304,coding,gene-b2140,2229437,2230385,949
gene-b2141,yohJ,124,coding,gene-b2141,2230623,2231022,400
gene-b2142,yohK,179,coding,gene-b2142,2231018,2231714,697
gene-b2143,cdd,268,coding,gene-b2143,2231843,2232728,886
gene-b2144,sanA,198,coding,gene-b2144,2232877,2233597,721
gene-b2145,yeiS,50,coding,gene-b2145,2233599,2233839,241
gene-b2146,preT,338,coding,gene-b2146,2234032,2235271,1240
gene-b2147,preA,310,coding,gene-b2147,2235264,2236500,1237
gene-b2148,mglC,260,coding,gene-b2148,2236742,2237753,1012
gene-b2149,mglA,413,coding,gene-b2149,2237768,2239289,1522
gene-b2150,mglB,268,coding,gene-b2150,2239349,2240348,1000
gene-b2151,galS,321,coding,gene-b2151,2240627,2241668,1042
gene-b2152,yeiB,277,coding,gene-b2152,2241809,2242967,1159
gene-b2153,folE,191,coding,gene-b2153,2242983,2243652,670
gene-b2154,yeiG,258,coding,gene-b2154,2243909,2244746,838
gene-b2155,cirA,512,coding,gene-b2155,2244777,2246769,1993
gene-b2156,lysP,398,coding,gene-b2156,2247062,2248532,1471
gene-b2157,yeiE,248,coding,gene-b2157,2248736,2249618,883
gene-b2158,yeiH,286,coding,gene-b2158,2249716,2250766,1051
gene-b2159,nfo,260,coding,gene-b2159,2250839,2251697,859
gene-b2160,yeiI,292,coding,gene-b2160,2251699,2252788,1090
gene-b2161,nupX,300,coding,gene-b2161,2252894,2254145,1252
gene-b2162,rihB,263,coding,gene-b2162,2254244,2255186,943
gene-b2163,yeiL,184,coding,gene-b2163,2255354,2256014,661
gene-b2164,psuT,318,coding,gene-b2164,2256084,2257335,1252
gene-b2165,psuG,255,coding,gene-b2165,2257428,2258367,940
gene-b2166,psuK,238,coding,gene-b2166,2258354,2259296,943
gene-b2167,fruA,435,coding,gene-b2167,2259718,2261410,1693
gene-b2168,fruK,221,coding,gene-b2168,2261426,2262365,940
gene-b2169,fruB,346,coding,gene-b2169,2262364,2263495,1132
gene-b2170,setB,344,coding,gene-b2170,2263862,2265044,1183
gene-b2171,yeiP,155,coding,gene-b2171,2265449,2266022,574
gene-b2172,yeiQ,404,coding,gene-b2172,2266244,2267711,1468
gene-b2173,yeiR,274,coding,gene-b2173,2267828,2268815,988
gene-b2174,lpxT,181,coding,gene-b2174,2268853,2269567,715
gene-b2175,mepS,195,coding,gene-b2175,2269978,2270545,568
gene-b2176,pdeN,398,coding,gene-b2176,2270725,2272282,1558
gene-b2177,yejA,508,coding,gene-b2177,2272363,2274178,1816
gene-b2178,yejB,273,coding,gene-b2178,2274178,2275273,1096
gene-b2179,yejE,215,coding,gene-b2179,2275272,2276298,1027
gene-b2180,yejF,432,coding,gene-b2180,2276299,2277889,1591
gene-b2181,yejG,101,coding,gene-b2181,2277892,2278237,346
gene-b2182,bcr,331,coding,gene-b2182,2278569,2279760,1192
gene-b2183,rsuA,173,coding,gene-b2183,2279787,2280483,697
gene-b2184,radD,460,coding,gene-b2184,2280631,2282392,1762
gene-b2185,rplY,79,coding,gene-b2185,2282516,2282801,286
gene-b2186,yejK,306,coding,gene-b2186,2282939,2283947,1009
gene-b2187,yejL,74,coding,gene-b2187,2284128,2284356,229
gene-b2188,lapC,475,coding,gene-b2188,2284375,2286136,1762
gene-b2189,proL,15,coding,gene-b2189,2286210,2286287,78
gene-b2192,insH8,304,coding,gene-b2192,2289064,2290045,982
gene-b2193,narP,241,coding,gene-b2193,2290499,2291147,649
gene-b2194,ccmH,289,coding,gene-b2194,2291357,2292410,1054
gene-b2195,ccmG,146,coding,gene-b2195,2292406,2292964,559
gene-b2196,ccmF,438,coding,gene-b2196,2292960,2294904,1945
gene-b2197,ccmE,83,coding,gene-b2197,2294900,2295380,481
gene-b2198,ccmD,67,coding,gene-b2198,2295376,2295586,211
gene-b2199,ccmC,190,coding,gene-b2199,2295582,2296320,739
gene-b2200,ccmB,144,coding,gene-b2200,2296361,2297024,664
gene-b2201,ccmA,167,coding,gene-b2201,2297020,2297644,625
gene-b2202,napC,138,coding,gene-b2202,2297656,2298259,604
gene-b2203,napB,105,coding,gene-b2203,2298268,2298718,451
gene-b2204,napH,220,coding,gene-b2204,2298714,2299578,865
gene-b2205,napG,180,coding,gene-b2205,2299564,2300260,697
gene-b2206,napA,675,coding,gene-b2206,2300266,2302753,2488
gene-b2207,napD,62,coding,gene-b2207,2302749,2303013,265
gene-b2208,napF,130,coding,gene-b2208,2303002,2303497,496
gene-b2209,eco,118,coding,gene-b2209,2303904,2304393,490
gene-b2210,mqo,483,coding,gene-b2210,2305107,2306754,1648
gene-b2211,yojI,472,coding,gene-b2211,2306971,2308615,1645
gene-b2212,alkB,154,coding,gene-b2212,2308690,2309341,652
gene-b2213,ada,315,coding,gene-b2213,2309340,2310405,1066
gene-b2214,ftp,289,coding,gene-b2214,2310478,2311534,1057
gene-b2215,ompC,324,coding,gene-b2215,2311645,2312749,1105
gene-b2216,rcsD,732,coding,gene-b2216,2313487,2316160,2674
gene-b2217,rcsB,157,coding,gene-b2217,2316176,2316827,652
gene-b2218,rcsC,740,coding,gene-b2218,2317026,2319876,2851
gene-b2219,atoS,515,coding,gene-b2219,2320042,2321869,1828
gene-b2220,atoC,374,coding,gene-b2220,2321865,2323251,1387
gene-b2221,atoD,185,coding,gene-b2221,2323446,2324109,664
gene-b2222,atoA,180,coding,gene-b2222,2324108,2324759,652
gene-b2223,atoE,330,coding,gene-b2223,2324755,2326078,1324
gene-b2224,atoB,319,coding,gene-b2224,2326108,2327293,1186
gene-b2225,yfaP,197,coding,gene-b2225,2327366,2328143,778
gene-b2226,yfaQ,440,coding,gene-b2226,2328147,2329797,1651
gene-b2229,yfaT,184,coding,gene-b2229,2334335,2334959,625
gene-b2230,yfaA,470,coding,gene-b2230,2334955,2336644,1690
gene-b2231,gyrA,737,coding,gene-b2231,2336792,2339420,2629
gene-b2232,ubiG,195,coding,gene-b2232,2339566,2340289,724
gene-b2233,yfaL,952,coding,gene-b2233,2340416,2344169,3754
gene-b2234,nrdA,600,coding,gene-b2234,2344864,2347150,2287
gene-b2235,nrdB,331,coding,gene-b2235,2347383,2348514,1132
gene-b2236,yfaE,80,coding,gene-b2236,2348513,2348768,256
gene-b2237,inaA,180,coding,gene-b2237,2348821,2349472,652
gene-b2239,glpQ,331,coding,gene-b2239,2349934,2351011,1078
gene-b2240,glpT,300,coding,gene-b2240,2351015,2352374,1360
gene-b2241,glpA,512,coding,gene-b2241,2352646,2354275,1630
gene-b2242,glpB,323,coding,gene-b2242,2354264,2355524,1261
gene-b2243,glpC,302,coding,gene-b2243,2355520,2356711,1192
gene-b2244,rpnE,242,coding,gene-b2244,2356903,2357803,901
gene-b2245,yfaU,207,coding,gene-b2245,2358041,2358845,805
gene-b2246,yfaV,320,coding,gene-b2246,2358862,2360152,1291
gene-b2247,rhmD,328,coding,gene-b2247,2360208,2361414,1207
gene-b2248,yfaX,218,coding,gene-b2248,2361428,2362211,784
gene-b2249,yfaY,341,coding,gene-b2249,2362430,2363633,1204
gene-b2250,yfaZ,142,coding,gene-b2250,2363732,2364275,544
gene-b2251,nudI,146,coding,gene-b2251,2364553,2364979,427
gene-b2252,ais,179,coding,gene-b2252,2365017,2365620,604
gene-b2253,arnB,360,coding,gene-b2253,2365909,2367067,1159
gene-b2254,arnC,218,coding,gene-b2254,2367070,2368039,970
gene-b2255,arnA,518,coding,gene-b2255,2368038,2370021,1984
gene-b2256,arnD,237,coding,gene-b2256,2370017,2370908,892
gene-b2257,arnT,417,coding,gene-b2257,2370907,2372560,1654
gene-b2258,arnF,78,coding,gene-b2258,2372891,2373278,388
gene-b2259,pmrD,48,coding,gene-b2259,2373271,2373538,268
gene-b2260,menE,352,coding,gene-b2260,2373647,2375003,1357
gene-b2261,menC,284,coding,gene-b2261,2374999,2375962,964
gene-b2262,menB,221,coding,gene-b2262,2375961,2376819,859
gene-b2263,menH,181,coding,gene-b2263,2376833,2377592,760
gene-b2264,menD,485,coding,gene-b2264,2377588,2379259,1672
gene-b2265,menF,363,coding,gene-b2265,2379347,2380643,1297
gene-b2266,elaB,68,coding,gene-b2266,2380721,2381027,307
gene-b2267,elaA,105,coding,gene-b2267,2381081,2381543,463
gene-b2268,rbn,264,coding,gene-b2268,2381607,2382525,919
gene-b2269,elaD,380,coding,gene-b2269,2382712,2383924,1213
gene-b2270,yfbK,456,coding,gene-b2270,2383994,2385722,1729
gene-b2271,yfbL,264,coding,gene-b2271,2385859,2386831,973
gene-b2272,yfbM,128,coding,gene-b2272,2386933,2387437,505
gene-b2273,yfbN,228,coding,gene-b2273,2387709,2388426,718
gene-b2274,yfbO,151,coding,gene-b2274,2388634,2389057,424
gene-b2275,yfbP,257,coding,gene-b2275,2389115,2389964,850
gene-b2276,nuoN,389,coding,gene-b2276,2390047,2391505,1459
gene-b2277,nuoM,359,coding,gene-b2277,2391511,2393041,1531
gene-b2278,nuoL,453,coding,gene-b2278,2393204,2395046,1843
gene-b2279,nuoK,70,coding,gene-b2279,2395042,2395345,304
gene-b2280,nuoJ,102,coding,gene-b2280,2395341,2395896,556
gene-b2281,nuoI,127,coding,gene-b2281,2395907,2396450,544
gene-b2282,nuoH,256,coding,gene-b2282,2396464,2397442,979
gene-b2283,nuoG,778,coding,gene-b2283,2397438,2400165,2728
gene-b2284,nuoF,352,coding,gene-b2284,2400217,2401555,1339
gene-b2285,nuoE,119,coding,gene-b2285,2401551,2402052,502
gene-b2286,nuoC,499,coding,gene-b2286,2402054,2403845,1792
gene-b2287,nuoB,187,coding,gene-b2287,2403950,2404613,664
gene-b2288,nuoA,111,coding,gene-b2288,2404628,2405072,445
gene-b2289,lrhA,303,coding,gene-b2289,2405702,2406641,940
gene-b2290,alaA,342,coding,gene-b2290,2407560,2408778,1219
gene-b2291,yfbR,164,coding,gene-b2291,2408861,2409461,601
gene-b2292,yfbS,463,coding,gene-b2292,2409519,2411352,1834
gene-b2293,hxpA,178,coding,gene-b2293,2411438,2412089,652
gene-b2294,yfbU,129,coding,gene-b2294,2412099,2412594,496
gene-b2295,yfbV,121,coding,gene-b2295,2412676,2413132,457
gene-b2296,ackA,361,coding,gene-b2296,2413469,2414672,1204
gene-b2297,pta,591,coding,gene-b2297,2414746,2416891,2146
gene-b2298,yfcC,379,coding,gene-b2298,2417080,2418601,1522
gene-b2299,yfcD,142,coding,gene-b2299,2418633,2419176,544
gene-b2300,yfcE,170,coding,gene-b2300,2419233,2419788,556
gene-b2301,yfcF,165,coding,gene-b2301,2419840,2420485,646
gene-b2302,yfcG,212,coding,gene-b2302,2420620,2421268,649
gene-b2303,folX,96,coding,gene-b2303,2421324,2421687,364
gene-b2304,yfcH,233,coding,gene-b2304,2421707,2422601,895
gene-b2305,rpnB,215,coding,gene-b2305,2422648,2423539,892
gene-b2306,hisP,205,coding,gene-b2306,2423735,2424509,775
gene-b2307,hisM,162,coding,gene-b2307,2424516,2425233,718
gene-b2308,hisQ,165,coding,gene-b2308,2425229,2425916,688
gene-b2309,hisJ,210,coding,gene-b2309,2426005,2426788,784
gene-b2310,argT,248,coding,gene-b2310,2427008,2427791,784
gene-b2311,ubiX,190,coding,gene-b2311,2428056,2428626,571
gene-b2312,purF,414,coding,gene-b2312,2428720,2430238,1519
gene-b2313,cvpA,100,coding,gene-b2313,2430274,2430763,490
gene-b2314,dedD,186,coding,gene-b2314,2431021,2431684,664
gene-b2315,folC,354,coding,gene-b2315,2431673,2432942,1270
gene-b2316,accD,250,coding,gene-b2316,2433011,2433926,916
gene-b2317,dedA,197,coding,gene-b2317,2434081,2434741,661
gene-b2318,truA,232,coding,gene-b2318,2434823,2435636,814
gene-b2319,usg,298,coding,gene-b2319,2435635,2436649,1015
gene-b2320,pdxB,276,coding,gene-b2320,2436714,2437851,1138
gene-b2321,flk,255,coding,gene-b2321,2437949,2438945,997
gene-b2322,yfcJ,284,coding,gene-b2322,2438941,2440120,1180
gene-b2323,fabB,365,coding,gene-b2323,2440384,2441605,1222
gene-b2324,mnmC,515,coding,gene-b2324,2441763,2443770,2008
gene-b2325,yfcL,83,coding,gene-b2325,2443890,2444169,280
gene-b2326,epmC,131,coding,gene-b2326,2444202,2444751,550
gene-b2327,yfcA,183,coding,gene-b2327,2444750,2445560,811
gene-b2328,mepA,239,coding,gene-b2328,2445559,2446384,826
gene-b2329,aroC,307,coding,gene-b2329,2446387,2447473,1087
gene-b2330,prmB,242,coding,gene-b2330,2447507,2448440,934
gene-b2331,smrB,156,coding,gene-b2331,2448605,2449157,553
gene-b2332,yfcO,222,coding,gene-b2332,2449227,2450049,823
gene-b2333,yfcP,123,coding,gene-b2333,2450050,2450590,541
gene-b2334,yfcQ,123,coding,gene-b2334,2450586,2451075,490
gene-b2335,yfcR,132,coding,gene-b2335,2451071,2451584,514
gene-b2336,yfcS,197,coding,gene-b2336,2451583,2452336,754
gene-b2339,yfcV,178,coding,gene-b2339,2455082,2455646,565
gene-b2340,sixA,162,coding,gene-b2340,2456326,2456812,487
gene-b2341,fadJ,558,coding,gene-b2341,2457014,2459159,2146
gene-b2342,fadI,356,coding,gene-b2342,2459158,2460469,1312
gene-b2343,yfcZ,88,coding,gene-b2343,2460649,2460934,286
gene-b2344,fadL,411,coding,gene-b2344,2461305,2462646,1342
gene-b2345,yfdF,377,coding,gene-b2345,2463011,2464070,1060
gene-b2346,mlaA,189,coding,gene-b2346,2464251,2465007,757
gene-b2347,yfdC,245,coding,gene-b2347,2465300,2466233,934
gene-b2348,argW,23,coding,gene-b2348,2466308,2466383,76
gene-b2349,intS,290,coding,gene-b2349,2466544,2467702,1159
gene-b2350,yfdG,94,coding,gene-b2350,2467854,2468217,364
gene-b2351,yfdH,233,coding,gene-b2351,2468213,2469134,922
gene-b2352,yfdI,528,coding,gene-b2352,2469130,2470462,1333
gene-b2354,yfdK,156,coding,gene-b2354,2471076,2471517,442
gene-b2356,yfdM,122,coding,gene-b2356,2472111,2472387,277
gene-b2357,yfdN,121,coding,gene-b2357,2472386,2472881,496
gene-b2358,yfdO,87,coding,gene-b2358,2472877,2473246,370
gene-b2359,yfdP,148,coding,gene-b2359,2473603,2473966,364
gene-b2360,yfdQ,248,coding,gene-b2360,2474031,2474856,826
gene-b2361,yfdR,161,coding,gene-b2361,2474983,2475520,538
gene-b2362,yfdS,71,coding,gene-b2362,2475510,2475873,364
gene-b2363,yfdT,43,coding,gene-b2363,2475872,2476178,307
gene-b2364,dsdC,266,coding,gene-b2364,2476693,2477629,937
gene-b2365,dsdX,342,coding,gene-b2365,2477846,2479184,1339
gene-b2366,dsdA,321,coding,gene-b2366,2479201,2480530,1330
gene-b2367,emrY,412,coding,gene-b2367,2480637,2482176,1540
gene-b2368,emrK,288,coding,gene-b2368,2482175,2483339,1165
gene-b2369,evgA,187,coding,gene-b2369,2483754,2484369,616
gene-b2370,evgS,972,coding,gene-b2370,2484373,2487967,3595
gene-b2371,yfdE,292,coding,gene-b2371,2488022,2489168,1147
gene-b2372,yfdV,241,coding,gene-b2372,2489241,2490186,946
gene-b2373,oxc,467,coding,gene-b2373,2490255,2491950,1696
gene-b2374,frc,326,coding,gene-b2374,2492003,2493254,1252
gene-b2375,yfdX,188,coding,gene-b2375,2493766,2494402,637
gene-b2376,ypdI,114,coding,gene-b2376,2494697,2494973,277
gene-b2377,yfdY,45,coding,gene-b2377,2495049,2495292,244
gene-b2378,lpxP,259,coding,gene-b2378,2495644,2496565,922
gene-b2379,alaC,321,coding,gene-b2379,2497056,2498295,1240
gene-b2380,pyrS,519,coding,gene-b2380,2498670,2500368,1699
gene-b2381,pyrR,193,coding,gene-b2381,2500382,2501117,736
gene-b2382,ypdC,224,coding,gene-b2382,2501129,2501987,859
gene-b2383,fryA,700,coding,gene-b2383,2501989,2504485,2497
gene-b2384,ypdE,316,coding,gene-b2384,2504509,2505547,1039
gene-b2385,ypdF,310,coding,gene-b2385,2505546,2506632,1087
gene-b2386,fryC,314,coding,gene-b2386,2506646,2507894,1249
gene-b2387,fryB,86,coding,gene-b2387,2507915,2508242,328
gene-b2388,glk,296,coding,gene-b2388,2508460,2509426,967
gene-b2389,yfeO,317,coding,gene-b2389,2509629,2510886,1258
gene-b2390,ypeC,96,coding,gene-b2390,2511000,2511327,328
gene-b2392,mntH,300,coding,gene-b2392,2511467,2512706,1240
gene-b2393,nupC,350,coding,gene-b2393,2513041,2514244,1204
gene-b2394,insL3,311,coding,gene-b2394,2514330,2515443,1114
gene-b2395,pdeA,582,coding,gene-b2395,2515642,2517832,2191
gene-b2396,alaX,46,coding,gene-b2396,2518040,2518116,77
gene-b2397,alaW,24,coding,gene-b2397,2518155,2518231,77
gene-b2398,yfeC,117,coding,gene-b2398,2518466,2518811,346
gene-b2399,yfeD,106,coding,gene-b2399,2518812,2519205,394
gene-b2400,gltX,372,coding,gene-b2400,2519256,2520672,1417
gene-b2401,valU,63,coding,gene-b2401,2520930,2521006,77
gene-b2402,valX,36,coding,gene-b2402,2521050,2521126,77
gene-b2403,valY,27,coding,gene-b2403,2521172,2521248,77
gene-b2404,lysV,16,coding,gene-b2404,2521252,2521328,77
gene-b2405,xapR,257,coding,gene-b2405,2521592,2522477,886
gene-b2406,xapB,330,coding,gene-b2406,2522728,2523985,1258
gene-b2407,xapA,224,coding,gene-b2407,2524044,2524878,835
gene-b2408,yfeN,242,coding,gene-b2408,2525126,2525891,766
gene-b2409,yfeR,263,coding,gene-b2409,2525929,2526856,928
gene-b2410,yfeH,244,coding,gene-b2410,2526945,2527944,1000
gene-b2411,ligA,568,coding,gene-b2411,2528160,2530176,2017
gene-b2412,zipA,307,coding,gene-b2412,2530246,2531233,988
gene-b2413,cysZ,211,coding,gene-b2413,2531462,2532224,763
gene-b2414,cysK,274,coding,gene-b2414,2532408,2533380,973
gene-b2415,ptsH,116,coding,gene-b2415,2533763,2534021,259
gene-b2416,ptsI,487,coding,gene-b2416,2534065,2535793,1729
gene-b2417,crr,139,coding,gene-b2417,2535833,2536343,511
gene-b2418,pdxK,228,coding,gene-b2418,2536385,2537237,853
gene-b2419,yfeK,92,coding,gene-b2419,2537341,2537716,376
gene-b2420,yfeS,194,coding,gene-b2420,2537748,2538483,736
gene-b2421,cysM,246,coding,gene-b2421,2538671,2539583,913
gene-b2422,cysA,329,coding,gene-b2422,2539716,2540814,1099
gene-b2423,cysW,209,coding,gene-b2423,2540803,2541679,877
gene-b2424,cysU,182,coding,gene-b2424,2541678,2542512,835
gene-b2425,cysP,237,coding,gene-b2425,2542511,2543528,1018
gene-b2426,ucpA,234,coding,gene-b2426,2543831,2544623,793
gene-b2427,murR,242,coding,gene-b2427,2544751,2545609,859
gene-b2428,murQ,273,coding,gene-b2428,2545772,2546669,898
gene-b2429,murP,370,coding,gene-b2429,2546672,2548097,1426
gene-b2430,yfeW,346,coding,gene-b2430,2548101,2549406,1306
gene-b2431,yfeX,281,coding,gene-b2431,2549645,2550545,901
gene-b2432,yfeY,163,coding,gene-b2432,2550640,2551216,577
gene-b2433,yfeZ,90,coding,gene-b2433,2551276,2551726,451
gene-b2434,ypeA,96,coding,gene-b2434,2551712,2552138,427
gene-b2435,amiA,264,coding,gene-b2435,2552351,2553221,871
gene-b2436,hemF,199,coding,gene-b2436,2553224,2554124,901
gene-b2437,eutR,258,coding,gene-b2437,2554129,2555182,1054
gene-b2438,eutK,163,coding,gene-b2438,2555227,2555728,502
gene-b2439,eutL,170,coding,gene-b2439,2555740,2556400,661
gene-b2440,eutC,241,coding,gene-b2440,2556409,2557297,889
gene-b2441,eutB,338,coding,gene-b2441,2557317,2558679,1363
gene-b2442,intZ,308,coding,gene-b2442,2558857,2560066,1210
gene-b2443,yffL,168,coding,gene-b2443,2560256,2560898,643
gene-b2444,yffM,129,coding,gene-b2444,2561367,2561613,247
gene-b2445,yffN,100,coding,gene-b2445,2561624,2561993,370
gene-b2446,yffO,115,coding,gene-b2446,2562110,2562527,418
gene-b2447,yffP,138,coding,gene-b2447,2562523,2563117,595
gene-b2448,yffQ,101,coding,gene-b2448,2563591,2563969,379
gene-b2449,yffR,97,coding,gene-b2449,2563979,2564372,394
gene-b2450,yffS,184,coding,gene-b2450,2564522,2565332,811
gene-b2451,eutA,423,coding,gene-b2451,2565480,2566884,1405
gene-b2452,eutH,281,coding,gene-b2452,2566880,2568107,1228
gene-b2453,eutG,373,coding,gene-b2453,2568323,2569511,1189
gene-b2454,eutJ,198,coding,gene-b2454,2569500,2570337,838
gene-b2455,eutE,398,coding,gene-b2455,2570347,2571751,1405
gene-b2456,eutN,70,coding,gene-b2456,2571762,2572050,289
gene-b2457,eutM,87,coding,gene-b2457,2572156,2572450,295
gene-b2458,eutD,303,coding,gene-b2458,2572488,2573505,1018
gene-b2459,eutT,234,coding,gene-b2459,2573501,2574305,805
gene-b2460,eutQ,166,coding,gene-b2460,2574301,2575003,703
gene-b2461,eutP,129,coding,gene-b2461,2574977,2575457,481
gene-b2462,eutS,81,coding,gene-b2462,2575469,2575805,337
gene-b2463,maeB,652,coding,gene-b2463,2576097,2578377,2281
gene-b2464,talA,270,coding,gene-b2464,2578665,2579616,952
gene-b2465,tktB,476,coding,gene-b2465,2579635,2581639,2005
gene-b2466,ypfG,300,coding,gene-b2466,2581733,2582777,1045
gene-b2467,nudK,148,coding,gene-b2467,2582902,2583478,577
gene-b2468,aegA,531,coding,gene-b2468,2583545,2585525,1981
gene-b2469,narQ,480,coding,gene-b2469,2585730,2587431,1702
gene-b2470,acrD,810,coding,gene-b2470,2587594,2590708,3115
gene-b2471,yffB,177,coding,gene-b2471,2591246,2591603,358
gene-b2472,dapE,283,coding,gene-b2472,2591606,2592734,1129
gene-b2473,ypfH,192,coding,gene-b2473,2593071,2593770,700
gene-b2474,tmcA,516,coding,gene-b2474,2593843,2595859,2017
gene-b2475,ypfJ,234,coding,gene-b2475,2595873,2596737,865
gene-b2476,purC,159,coding,gene-b2476,2596904,2597618,715
gene-b2477,bamC,333,coding,gene-b2477,2597830,2598865,1036
gene-b2478,dapA,212,coding,gene-b2478,2598881,2599760,880
gene-b2479,gcvR,169,coding,gene-b2479,2599905,2600478,574
gene-b2480,bcp,127,coding,gene-b2480,2600477,2600948,472
gene-b2481,hyfA,226,coding,gene-b2481,2601200,2601818,619
gene-b2482,hyfB,495,coding,gene-b2482,2601817,2603836,2020
gene-b2483,hyfC,258,coding,gene-b2483,2603846,2604794,949
gene-b2484,hyfD,356,coding,gene-b2484,2604810,2606250,1441
gene-b2485,hyfE,174,coding,gene-b2485,2606261,2606912,652
gene-b2486,hyfF,400,coding,gene-b2486,2606916,2608497,1582
gene-b2487,hyfG,400,coding,gene-b2487,2608486,2610154,1669
gene-b2488,hyfH,124,coding,gene-b2488,2610163,2610709,547
gene-b2489,hyfI,202,coding,gene-b2489,2610705,2611464,760
gene-b2490,hyfJ,97,coding,gene-b2490,2611456,2611870,415
gene-b2491,hyfR,514,coding,gene-b2491,2611899,2613912,2014
gene-b2492,focB,188,coding,gene-b2492,2613933,2614782,850
gene-b2493,yfgO,247,coding,gene-b2493,2614819,2615881,1063
gene-b2494,bepA,448,coding,gene-b2494,2616093,2617557,1465
gene-b2495,yfgD,92,coding,gene-b2495,2617577,2617937,361
gene-b2496,hda,209,coding,gene-b2496,2618074,2618776,703
gene-b2497,uraA,288,coding,gene-b2497,2618870,2620160,1291
gene-b2498,upp,175,coding,gene-b2498,2620245,2620872,628
gene-b2499,purM,299,coding,gene-b2499,2621196,2622234,1039
gene-b2500,purN,162,coding,gene-b2500,2622233,2622872,640
gene-b2501,ppk,591,coding,gene-b2501,2623043,2625110,2068
gene-b2502,ppx,383,coding,gene-b2502,2625114,2626656,1543
gene-b2503,pdeF,583,coding,gene-b2503,2626694,2628938,2245
gene-b2504,yfgG,92,coding,gene-b2504,2629289,2629481,193
gene-b2505,yfgH,222,coding,gene-b2505,2629791,2630310,520
gene-b2506,yfgI,109,coding,gene-b2506,2630325,2630865,541
gene-b2507,guaA,390,coding,gene-b2507,2630957,2632535,1579
gene-b2508,guaB,379,coding,gene-b2508,2632603,2634070,1468
gene-b2509,xseA,370,coding,gene-b2509,2634231,2635602,1372
gene-b2510,yfgJ,53,coding,gene-b2510,2635598,2635814,217
gene-b2511,der,370,coding,gene-b2511,2635883,2637356,1474
gene-b2512,bamB,328,coding,gene-b2512,2637473,2638652,1180
gene-b2513,yfgM,173,coding,gene-b2513,2638662,2639283,622
gene-b2514,hisS,311,coding,gene-b2514,2639300,2640575,1276
gene-b2515,ispG,331,coding,gene-b2515,2640685,2641804,1120
gene-b2516,rodZ,261,coding,gene-b2516,2641830,2642844,1015
gene-b2517,rlmN,339,coding,gene-b2517,2643128,2644283,1156
gene-b2518,ndk,156,coding,gene-b2518,2644432,2644864,433
gene-b2519,pbpC,681,coding,gene-b2519,2645012,2647325,2314
gene-b2520,yfhM,1309,coding,gene-b2520,2647325,2652287,4963
gene-b2521,sseA,234,coding,gene-b2521,2652493,2653339,847
gene-b2522,sseB,194,coding,gene-b2522,2654156,2654933,778
gene-b2523,pepB,365,coding,gene-b2523,2655074,2656358,1285
gene-b2524,iscX,65,coding,gene-b2524,2656535,2656736,202
gene-b2525,fdx,90,coding,gene-b2525,2656747,2657083,337
gene-b2526,hscA,513,coding,gene-b2526,2657084,2658935,1852
gene-b2527,hscB,149,coding,gene-b2527,2658951,2659467,517
gene-b2528,iscA,90,coding,gene-b2528,2659562,2659886,325
gene-b2529,iscU,93,coding,gene-b2529,2659902,2660289,388
gene-b2530,iscS,298,coding,gene-b2530,2660316,2661531,1216
gene-b2531,iscR,148,coding,gene-b2531,2661642,2662131,490
gene-b2532,trmJ,257,coding,gene-b2532,2662582,2663323,742
gene-b2533,suhB,230,coding,gene-b2533,2663441,2664245,805
gene-b2534,yfhR,221,coding,gene-b2534,2664389,2665244,856
gene-b2535,csiE,346,coding,gene-b2535,2665434,2666715,1282
gene-b2536,hcaT,269,coding,gene-b2536,2666706,2667846,1141
gene-b2537,hcaR,151,coding,gene-b2537,2668005,2668896,892
gene-b2538,hcaE,371,coding,gene-b2538,2669031,2670393,1363
gene-b2539,hcaF,130,coding,gene-b2539,2670389,2670908,520
gene-b2540,hcaC,82,coding,gene-b2540,2670907,2671228,322
gene-b2541,hcaB,233,coding,gene-b2541,2671224,2672037,814
gene-b2542,hcaD,319,coding,gene-b2542,2672046,2673249,1204
gene-b2543,yphA,112,coding,gene-b2543,2673345,2673768,424
gene-b2544,yphB,229,coding,gene-b2544,2673815,2674688,874
gene-b2545,yphC,277,coding,gene-b2545,2674699,2675761,1063
gene-b2546,yphD,231,coding,gene-b2546,2675826,2676825,1000
gene-b2547,yphE,376,coding,gene-b2547,2676849,2678361,1513
gene-b2548,yphF,260,coding,gene-b2548,2678383,2679367,985
gene-b2549,yphG,891,coding,gene-b2549,2679463,2682745,3283
gene-b2550,yphH,304,coding,gene-b2550,2682862,2684056,1195
gene-b2551,glyA,337,coding,gene-b2551,2684253,2685507,1255
gene-b2552,hmp,340,coding,gene-b2552,2685834,2687025,1192
gene-b2553,glnB,94,coding,gene-b2553,2687069,2687408,340
gene-b2554,glrR,368,coding,gene-b2554,2687468,2688803,1336
gene-b2555,qseG,180,coding,gene-b2555,2688792,2689506,715
gene-b2556,glrK,385,coding,gene-b2556,2689670,2691098,1429
gene-b2557,purL,1089,coding,gene-b2557,2691655,2695543,3889
gene-b2558,mltF,415,coding,gene-b2558,2695800,2697357,1558
gene-b2559,tadA,139,coding,gene-b2559,2697353,2697857,505
gene-b2560,pgpC,151,coding,gene-b2560,2697914,2698550,637
gene-b2561,yfhH,233,coding,gene-b2561,2698758,2699607,850
gene-b2562,yfhL,60,coding,gene-b2562,2699662,2699923,262
gene-b2563,acpS,113,coding,gene-b2563,2700617,2700998,382
gene-b2564,pdxJ,219,coding,gene-b2564,2700997,2701729,733
gene-b2565,recO,203,coding,gene-b2565,2701740,2702469,730
gene-b2566,era,221,coding,gene-b2566,2702480,2703386,907
gene-b2567,rnc,178,coding,gene-b2567,2703382,2704063,682
gene-b2568,lepB,295,coding,gene-b2568,2704334,2705309,976
gene-b2569,lepA,472,coding,gene-b2569,2705324,2707124,1801
gene-b2570,rseC,138,coding,gene-b2570,2707321,2707801,481
gene-b2571,rseB,258,coding,gene-b2571,2707797,2708754,958
gene-b2572,rseA,150,coding,gene-b2572,2708753,2709404,652
gene-b2573,rpoE,147,coding,gene-b2573,2709436,2710012,577
gene-b2574,nadB,448,coding,gene-b2574,2710419,2712042,1624
gene-b2575,yfiC,170,coding,gene-b2575,2712026,2712764,739
gene-b2576,srmB,367,coding,gene-b2576,2712895,2714230,1336
gene-b2577,yfiE,241,coding,gene-b2577,2714438,2715320,883
gene-b2578,eamB,123,coding,gene-b2578,2715422,2716010,589
gene-b2579,grcA,117,coding,gene-b2579,2716065,2716449,385
gene-b2580,ung,210,coding,gene-b2580,2716753,2717443,691
gene-b2581,yfiF,275,coding,gene-b2581,2717490,2718528,1039
gene-b2582,trxC,139,coding,gene-b2582,2718734,2719154,421
gene-b2583,tapT,198,coding,gene-b2583,2719222,2719921,700
gene-b2584,patZ,700,coding,gene-b2584,2719952,2722613,2662
gene-b2585,pssA,344,coding,gene-b2585,2722726,2724082,1357
gene-b2586,yfiM,71,coding,gene-b2586,2724127,2724451,325
gene-b2587,kgtP,275,coding,gene-b2587,2724447,2725746,1300
gene-b2588,rrfG,34,coding,gene-b2588,2726068,2726188,121
gene-b2589,rrlG,680,coding,gene-b2589,2726280,2729184,2905
gene-b2590,gltW,50,coding,gene-b2590,2729368,2729444,77
gene-b2591,rrsG,409,coding,gene-b2591,2729615,2731157,1543
gene-b2592,clpB,720,coding,gene-b2592,2731599,2734173,2575
gene-b2593,yfiH,206,coding,gene-b2593,2734302,2735034,733
gene-b2594,rluD,277,coding,gene-b2594,2735030,2736011,982
gene-b2595,bamD,205,coding,gene-b2595,2736145,2736883,739
gene-b2597,raiA,99,coding,gene-b2597,2737153,2737495,343
gene-b2598,pheL,10,coding,gene-b2598,2737598,2737646,49
gene-b2599,pheA,318,coding,gene-b2599,2737744,2738905,1162
gene-b2600,tyrA,296,coding,gene-b2600,2738947,2740069,1123
gene-b2601,aroF,265,coding,gene-b2601,2740079,2741150,1072
gene-b2602,yfiL,121,coding,gene-b2602,2741359,2741725,367
gene-b2603,yfiR,147,coding,gene-b2603,2741874,2742393,520
gene-b2604,dgcN,327,coding,gene-b2604,2742382,2743609,1228
gene-b2605,yfiB,116,coding,gene-b2605,2743624,2744107,484
gene-b2606,rplS,95,coding,gene-b2606,2744182,2744530,349
gene-b2607,trmD,198,coding,gene-b2607,2744571,2745339,769
gene-b2608,rimM,145,coding,gene-b2608,2745369,2745918,550
gene-b2609,rpsP,67,coding,gene-b2609,2745936,2746185,250
gene-b2610,ffh,389,coding,gene-b2610,2746433,2747795,1363
gene-b2611,ypjD,191,coding,gene-b2611,2747961,2748753,793
gene-b2614,grpE,144,coding,gene-b2614,2750114,2750708,595
gene-b2615,nadK,239,coding,gene-b2615,2750830,2751709,880
gene-b2616,recN,435,coding,gene-b2616,2751794,2753456,1663
gene-b2617,bamE,103,coding,gene-b2617,2753604,2753946,343
gene-b2618,yfjF,80,coding,gene-b2618,2754007,2754298,292
gene-b2619,ratA,114,coding,gene-b2619,2754287,2754764,478
gene-b2620,smpB,132,coding,gene-b2620,2754895,2755378,484
gene-b2621,ssrA,117,coding,gene-b2621,2755592,2755955,364
gene-b2622,intA,348,coding,gene-b2622,2756158,2757400,1243
gene-b2623,yfjH,309,coding,gene-b2623,2757643,2758600,958
gene-b2624,alpA,52,coding,gene-b2624,2758643,2758856,214
gene-b2625,yfjI,457,coding,gene-b2625,2758984,2760394,1411
gene-b2626,yfjJ,178,coding,gene-b2626,2760546,2761173,628
gene-b2627,abpB,617,coding,gene-b2627,2761350,2763540,2191
gene-b2628,abpA,407,coding,gene-b2628,2763536,2765153,1618
gene-b2629,yfjM,87,coding,gene-b2629,2765512,2765776,265
gene-b2630,rnlA,285,coding,gene-b2630,2765917,2766991,1075
gene-b2631,rnlB,82,coding,gene-b2631,2766983,2767355,373
gene-b2632,yfjP,250,coding,gene-b2632,2767709,2768573,865
gene-b2633,yfjQ,213,coding,gene-b2633,2768664,2769486,823
gene-b2634,yfjR,237,coding,gene-b2634,2769702,2770404,703
gene-b2635,ypjK,59,coding,gene-b2635,2770444,2770681,238
gene-b2636,yfjS,99,coding,gene-b2636,2770680,2771124,445
gene-b2637,yfjT,120,coding,gene-b2637,2771147,2771615,469
gene-b2638,yfjU,122,coding,gene-b2638,2771839,2772154,316
gene-b2642,yfjW,649,coding,gene-b2642,2773317,2775021,1705
gene-b2643,yfjX,150,coding,gene-b2643,2775918,2776377,460
gene-b2644,yfjY,118,coding,gene-b2644,2776385,2776868,484
gene-b2645,yfjZ,80,coding,gene-b2645,2777114,2777432,319
gene-b2646,ypjF,81,coding,gene-b2646,2777452,2777782,331
gene-b2647,ypjA,1062,coding,gene-b2647,2778145,2782726,4582
gene-b2649,ypjB,272,coding,gene-b2649,2783637,2784429,793
gene-b2650,ypjC,164,coding,gene-b2650,2784528,2785011,484
gene-b2652,ileY,60,coding,gene-b2652,2785761,2785837,77
gene-b2659,glaH,331,coding,gene-b2659,2788984,2789962,979
gene-b2660,lhgD,366,coding,gene-b2660,2789981,2791250,1270
gene-b2661,gabD,464,coding,gene-b2661,2791272,2792721,1450
gene-b2662,gabT,390,coding,gene-b2662,2792734,2794015,1282
gene-b2663,gabP,370,coding,gene-b2663,2794252,2795653,1402
gene-b2664,glaR,165,coding,gene-b2664,2795673,2796336,664
gene-b2665,kbp,103,coding,gene-b2665,2796336,2796786,451
gene-b2666,yqaE,40,coding,gene-b2666,2796869,2797028,160
gene-b2667,ygaV,103,coding,gene-b2667,2797210,2797510,301
gene-b2668,ygaP,138,coding,gene-b2668,2797519,2798044,526
gene-b2669,stpA,104,coding,gene-b2669,2798090,2798495,406
gene-b2670,alaE,169,coding,gene-b2670,2799163,2799613,451
gene-b2671,ygaC,78,coding,gene-b2671,2799649,2799994,346
gene-b2672,ygaM,109,coding,gene-b2672,2800145,2800475,331
gene-b2673,nrdH,101,coding,gene-b2673,2800722,2800968,247
gene-b2674,nrdI,112,coding,gene-b2674,2800964,2801375,412
gene-b2675,nrdE,525,coding,gene-b2675,2801347,2803492,2146
gene-b2676,nrdF,236,coding,gene-b2676,2803501,2804461,961
gene-b2677,proV,370,coding,gene-b2677,2804814,2806017,1204
gene-b2678,proW,263,coding,gene-b2678,2806009,2807074,1066
gene-b2679,proX,236,coding,gene-b2679,2807131,2808124,994
gene-b2682,ygaZ,229,coding,gene-b2682,2809616,2810354,739
gene-b2683,ygaH,78,coding,gene-b2683,2810343,2810679,337
gene-b2684,mprA,154,coding,gene-b2684,2810769,2811300,532
gene-b2685,emrA,338,coding,gene-b2685,2811426,2812599,1174
gene-b2686,emrB,434,coding,gene-b2686,2812615,2814154,1540
gene-b2687,luxS,158,coding,gene-b2687,2814217,2814733,517
gene-b2688,gshA,401,coding,gene-b2688,2814882,2816439,1558
gene-b2689,yqaA,93,coding,gene-b2689,2816511,2816940,430
gene-b2690,yqaB,151,coding,gene-b2690,2816936,2817503,568
gene-b2691,argQ,56,coding,gene-b2691,2817783,2817860,78
gene-b2692,argZ,60,coding,gene-b2692,2818058,2818135,78
gene-b2693,argY,33,coding,gene-b2693,2818197,2818274,78
gene-b2694,argV,51,coding,gene-b2694,2818472,2818549,78
gene-b2695,serV,19,coding,gene-b2695,2818552,2818645,94
gene-b2696,csrA,80,coding,gene-b2696,2818960,2819146,187
gene-b2697,alaS,714,coding,gene-b2697,2819380,2822011,2632
gene-b2698,recX,172,coding,gene-b2698,2822138,2822639,502
gene-b2699,recA,267,coding,gene-b2699,2822707,2823769,1063
gene-b2700,pncC,146,coding,gene-b2700,2823848,2824346,499
gene-b2701,mltB,322,coding,gene-b2701,2824490,2825576,1087
gene-b2702,srlA,206,coding,gene-b2702,2825831,2826395,565
gene-b2703,srlE,230,coding,gene-b2703,2826391,2827351,961
gene-b2704,srlB,90,coding,gene-b2704,2827361,2827733,373
gene-b2705,srlD,198,coding,gene-b2705,2827736,2828516,781
gene-b2706,gutM,113,coding,gene-b2706,2828620,2828980,361
gene-b2707,srlR,217,coding,gene-b2707,2829046,2829820,775
gene-b2708,gutQ,262,coding,gene-b2708,2829812,2830778,967
gene-b2709,norR,386,coding,gene-b2709,2830774,2832289,1516
gene-b2710,norV,403,coding,gene-b2710,2832475,2833915,1441
gene-b2711,norW,270,coding,gene-b2711,2833911,2835045,1135
gene-b2712,hypF,639,coding,gene-b2712,2835172,2837425,2254
gene-b2713,hydN,159,coding,gene-b2713,2837577,2838105,529
gene-b2714,ascG,267,coding,gene-b2714,2838253,2839264,1012
gene-b2715,ascF,391,coding,gene-b2715,2839523,2840981,1459
gene-b2716,ascB,396,coding,gene-b2716,2840989,2842414,1426
gene-b2717,hycI,127,coding,gene-b2717,2842572,2843043,472
gene-b2718,hycH,117,coding,gene-b2718,2843035,2843446,412
gene-b2719,hycG,196,coding,gene-b2719,2843442,2844210,769
gene-b2720,hycF,148,coding,gene-b2720,2844209,2844752,544
gene-b2721,hycE,453,coding,gene-b2721,2844761,2846471,1711
gene-b2722,hycD,230,coding,gene-b2722,2846488,2847412,925
gene-b2723,hycC,459,coding,gene-b2723,2847414,2849241,1828
gene-b2724,hycB,168,coding,gene-b2724,2849237,2849849,613
gene-b2725,hycA,128,coding,gene-b2725,2849973,2850435,463
gene-b2726,hypA,104,coding,gene-b2726,2850646,2850997,352
gene-b2727,hypB,249,coding,gene-b2727,2851000,2851873,874
gene-b2728,hypC,72,coding,gene-b2728,2851863,2852136,274
gene-b2729,hypD,297,coding,gene-b2729,2852135,2853257,1123
gene-b2730,hypE,250,coding,gene-b2730,2853253,2854264,1012
gene-b2731,fhlA,534,coding,gene-b2731,2854337,2856416,2080
gene-b2732,ygbA,78,coding,gene-b2732,2856452,2856806,355
gene-b2733,mutS,739,coding,gene-b2733,2857092,2859654,2563
gene-b2734,pphB,205,coding,gene-b2734,2859759,2860416,658
gene-b2735,ygbI,202,coding,gene-b2735,2860466,2861234,769
gene-b2736,ygbJ,240,coding,gene-b2736,2861429,2862338,910
gene-b2737,ygbK,340,coding,gene-b2737,2862334,2863501,1168
gene-b2738,ygbL,179,coding,gene-b2738,2863592,2864231,640
gene-b2739,ygbM,199,coding,gene-b2739,2864235,2865012,778
gene-b2740,ygbN,328,coding,gene-b2740,2865100,2866465,1366
gene-b2741,rpoS,253,coding,gene-b2741,2866558,2867551,994
gene-b2742,nlpD,274,coding,gene-b2742,2867613,2868753,1141
gene-b2743,pcm,184,coding,gene-b2743,2868892,2869519,628
gene-b2744,umpG,220,coding,gene-b2744,2869512,2870274,763
gene-b2745,truD,298,coding,gene-b2745,2870254,2871304,1051
gene-b2746,ispF,117,coding,gene-b2746,2871300,2871780,481
gene-b2747,ispD,177,coding,gene-b2747,2871779,2872490,712
gene-b2748,ftsB,84,coding,gene-b2748,2872508,2872820,313
gene-b2749,ygbE,81,coding,gene-b2749,2873013,2873337,325
gene-b2750,cysC,177,coding,gene-b2750,2873386,2873992,607
gene-b2751,cysN,371,coding,gene-b2751,2873991,2875419,1429
gene-b2752,cysD,221,coding,gene-b2752,2875420,2876329,910
gene-b2753,iap,309,coding,gene-b2753,2876580,2877618,1039
gene-b2754,cas2,127,coding,gene-b2754,2878568,2878853,286
gene-b2755,cas1,222,coding,gene-b2755,2878854,2879772,919
gene-b2756,casE,174,coding,gene-b2756,2879787,2880387,601
gene-b2757,casD,166,coding,gene-b2757,2880373,2881048,676
gene-b2758,casC,321,coding,gene-b2758,2881050,2882142,1093
gene-b2759,casB,129,coding,gene-b2759,2882154,2882637,484
gene-b2760,casA,426,coding,gene-b2760,2882629,2884138,1510
gene-b2761,cas3,768,coding,gene-b2761,2884552,2887219,2668
gene-b2762,cysH,214,coding,gene-b2762,2887577,2888312,736
gene-b2763,cysI,452,coding,gene-b2763,2888386,2890099,1714
gene-b2764,cysJ,487,coding,gene-b2764,2890098,2891898,1801
gene-b2765,queD,153,coding,gene-b2765,2892213,2892579,367
gene-b2766,ygcN,367,coding,gene-b2766,2892656,2893928,1273
gene-b2767,ygcO,63,coding,gene-b2767,2893918,2894179,262
gene-b2768,ygcP,170,coding,gene-b2768,2894195,2894771,577
gene-b2769,ygcQ,233,coding,gene-b2769,2894918,2895779,862
gene-b2770,ygcR,212,coding,gene-b2770,2895775,2896555,781
gene-b2771,ygcS,318,coding,gene-b2771,2896532,2897870,1339
gene-b2774,ygcW,202,coding,gene-b2774,2899487,2900273,787
gene-b2775,yqcE,324,coding,gene-b2775,2900591,2901869,1279
gene-b2776,ygcE,355,coding,gene-b2776,2901895,2903374,1480
gene-b2777,queE,222,coding,gene-b2777,2904746,2905418,673
gene-b2778,ygcG,209,coding,gene-b2778,2905710,2906583,874
gene-b2779,eno,358,coding,gene-b2779,2906642,2907941,1300
gene-b2780,pyrG,463,coding,gene-b2780,2908028,2909666,1639
gene-b2781,mazG,245,coding,gene-b2781,2909893,2910685,793
gene-b2782,mazF,113,coding,gene-b2782,2910755,2911091,337
gene-b2783,mazE,55,coding,gene-b2783,2911090,2911339,250
gene-b2784,relA,554,coding,gene-b2784,2911416,2913651,2236
gene-b2785,rlmD,378,coding,gene-b2785,2913698,2915000,1303
gene-b2786,barA,707,coding,gene-b2786,2915056,2917813,2758
gene-b2787,gudD,364,coding,gene-b2787,2918044,2919385,1342
gene-b2788,gudX,379,coding,gene-b2788,2919405,2920746,1342
gene-b2789,gudP,309,coding,gene-b2789,2920747,2922100,1354
gene-b2790,yqcA,153,coding,gene-b2790,2922534,2922984,451
gene-b2791,truC,174,coding,gene-b2791,2923001,2923784,784
gene-b2792,yqcC,97,coding,gene-b2792,2923783,2924113,331
gene-b2793,syd,179,coding,gene-b2793,2924734,2925280,547
gene-b2794,queF,226,coding,gene-b2794,2925347,2926196,850
gene-b2795,ppnN,370,coding,gene-b2795,2926307,2927672,1366
gene-b2796,sdaC,382,coding,gene-b2796,2928228,2929518,1291
gene-b2797,sdaB,388,coding,gene-b2797,2929575,2930943,1369
gene-b2798,ygdG,235,coding,gene-b2798,2931054,2931810,757
gene-b2799,fucO,277,coding,gene-b2799,2931864,2933013,1150
gene-b2800,fucA,136,coding,gene-b2800,2933040,2933688,649
gene-b2801,fucP,393,coding,gene-b2801,2934234,2935551,1318
gene-b2802,fucI,456,coding,gene-b2802,2935583,2937359,1777
gene-b2803,fucK,377,coding,gene-b2803,2937467,2938886,1420
gene-b2804,fucU,104,coding,gene-b2804,2938887,2939310,424
gene-b2805,fucR,201,coding,gene-b2805,2939367,2940099,733
gene-b2806,rlmM,296,coding,gene-b2806,2940142,2941243,1102
gene-b2807,ygdD,85,coding,gene-b2807,2941235,2941631,397
gene-b2808,gcvA,233,coding,gene-b2808,2941649,2942567,919
gene-b2809,ygdI,46,coding,gene-b2809,2942917,2943145,229
gene-b2810,csdA,367,coding,gene-b2810,2943336,2944542,1207
gene-b2811,csdE,115,coding,gene-b2811,2944541,2944985,445
gene-b2812,tcdA,213,coding,gene-b2812,2945035,2945842,808
gene-b2813,mltA,326,coding,gene-b2813,2946080,2947178,1099
gene-b2814,metZ,50,coding,gene-b2814,2947386,2947463,78
gene-b2815,metW,24,coding,gene-b2815,2947496,2947573,78
gene-b2816,metV,19,coding,gene-b2816,2947606,2947683,78
gene-b2817,amiC,332,coding,gene-b2817,2947756,2949010,1255
gene-b2818,argA,401,coding,gene-b2818,2949241,2950573,1333
gene-b2819,recD,544,coding,gene-b2819,2950634,2952461,1828
gene-b2820,recB,902,coding,gene-b2820,2952460,2956003,3544
gene-b2821,ptrA,765,coding,gene-b2821,2955995,2958884,2890
gene-b2822,recC,892,coding,gene-b2822,2959059,2962428,3370
gene-b2823,ppdC,92,coding,gene-b2823,2962440,2962764,325
gene-b2824,ygdB,111,coding,gene-b2824,2962748,2963156,409
gene-b2825,ppdB,127,coding,gene-b2825,2963152,2963716,565
gene-b2826,ppdA,106,coding,gene-b2826,2963706,2964177,472
gene-b2827,thyA,227,coding,gene-b2827,2964360,2965155,796
gene-b2828,lgt,196,coding,gene-b2828,2965161,2966037,877
gene-b2829,ptsP,602,coding,gene-b2829,2966187,2968434,2248
gene-b2830,rppH,126,coding,gene-b2830,2968446,2968977,532
gene-b2831,mutH,191,coding,gene-b2831,2969661,2970351,691
gene-b2832,ygdQ,179,coding,gene-b2832,2970419,2971133,715
gene-b2833,ygdR,74,coding,gene-b2833,2971270,2971489,220
gene-b2834,tas,273,coding,gene-b2834,2971596,2972637,1042
gene-b2835,lplT,295,coding,gene-b2835,2972668,2973862,1195
gene-b2836,aas,578,coding,gene-b2836,2973854,2976014,2161
gene-b2837,galR,268,coding,gene-b2837,2976598,2977630,1033
gene-b2838,lysA,351,coding,gene-b2838,2977636,2978899,1264
gene-b2839,lysR,246,coding,gene-b2839,2979020,2979956,937
gene-b2840,ygeA,178,coding,gene-b2840,2979942,2980635,694
gene-b2841,araE,335,coding,gene-b2841,2980763,2982182,1420
gene-b2842,kduD,255,coding,gene-b2842,2982496,2983258,763
gene-b2843,kduI,220,coding,gene-b2843,2983287,2984124,838
gene-b2844,yqeF,330,coding,gene-b2844,2984410,2985592,1183
gene-b2845,yqeG,307,coding,gene-b2845,2985846,2987076,1231
gene-b2846,yqeH,257,coding,gene-b2846,2987535,2988168,634
gene-b2847,yqeI,282,coding,gene-b2847,2988501,2989311,811
gene-b2848,yqeJ,159,coding,gene-b2848,2989303,2989786,484
gene-b2849,yqeK,135,coding,gene-b2849,2989934,2990360,427
gene-b2851,ygeG,214,coding,gene-b2851,2991267,2991759,493
gene-b2852,ygeH,472,coding,gene-b2852,2992093,2993470,1378
gene-b2853,ygeI,92,coding,gene-b2853,2993637,2993856,220
gene-b2860,insD4,259,coding,gene-b2860,2996371,2997277,907
gene-b2861,insC4,78,coding,gene-b2861,2997234,2997600,367
gene-b2863,ygeQ,243,coding,gene-b2863,2998033,2998828,796
gene-b2864,glyU,39,coding,gene-b2864,2998983,2999057,75
gene-b2865,actS,193,coding,gene-b2865,2999135,2999891,757
gene-b2866,xdhA,607,coding,gene-b2866,3000344,3002603,2260
gene-b2867,xdhB,237,coding,gene-b2867,3002613,3003492,880
gene-b2868,xdhC,116,coding,gene-b2868,3003488,3003968,481
gene-b2869,ygeV,481,coding,gene-b2869,3004007,3005786,1780
gene-b2870,ygeW,342,coding,gene-b2870,3006261,3007452,1192
gene-b2871,ygeX,343,coding,gene-b2871,3007509,3008706,1198
gene-b2872,ygeY,326,coding,gene-b2872,3008763,3009975,1213
gene-b2873,hyuA,383,coding,gene-b2873,3010027,3011413,1387
gene-b2874,yqeA,244,coding,gene-b2874,3011460,3012393,934
gene-b2875,yqeB,394,coding,gene-b2875,3012613,3014239,1627
gene-b2876,yqeC,211,coding,gene-b2876,3014286,3015057,772
gene-b2877,mocA,170,coding,gene-b2877,3015159,3015738,580
gene-b2878,ygfK,806,coding,gene-b2878,3016059,3019158,3100
gene-b2879,ssnA,335,coding,gene-b2879,3019160,3020489,1330
gene-b2880,ygfM,194,coding,gene-b2880,3020539,3021319,781
gene-b2881,xdhD,781,coding,gene-b2881,3021315,3024186,2872
gene-b2882,xanQ,385,coding,gene-b2882,3024350,3025751,1402
gene-b2883,guaD,326,coding,gene-b2883,3025765,3027085,1321
gene-b2886,ygfS,122,coding,gene-b2886,3028523,3029012,490
gene-b2887,ygfT,481,coding,gene-b2887,3029011,3030931,1921
gene-b2888,uacT,376,coding,gene-b2888,3031366,3032815,1450
gene-b2889,idi,127,coding,gene-b2889,3033064,3033613,550
gene-b2890,lysS,395,coding,gene-b2890,3033656,3035174,1519
gene-b2891,prfB,279,coding,gene-b2891,3035183,3036282,1100
gene-b2892,recJ,452,coding,gene-b2892,3036372,3038106,1735
gene-b2893,dsbC,187,coding,gene-b2893,3038111,3038822,712
gene-b2894,xerD,222,coding,gene-b2894,3038846,3039743,898
gene-b2895,fldB,120,coding,gene-b2895,3039854,3040376,523
gene-b2896,ygfX,80,coding,gene-b2896,3040415,3040823,409
gene-b2897,sdhE,69,coding,gene-b2897,3040803,3041070,268
gene-b2898,ygfZ,259,coding,gene-b2898,3041312,3042293,982
gene-b2899,yqfA,149,coding,gene-b2899,3042488,3043148,661
gene-b2900,yqfB,101,coding,gene-b2900,3043311,3043623,313
gene-b2901,bglA,366,coding,gene-b2901,3043661,3045101,1441
gene-b2902,ygfF,194,coding,gene-b2902,3045157,3045901,745
gene-b2903,gcvP,838,coding,gene-b2903,3046167,3049041,2875
gene-b2904,gcvH,105,coding,gene-b2904,3049159,3049549,391
gene-b2905,gcvT,295,coding,gene-b2905,3049572,3050667,1096
gene-b2906,ubiI,345,coding,gene-b2906,3051114,3052317,1204
gene-b2907,ubiH,350,coding,gene-b2907,3052339,3053518,1180
gene-b2908,pepP,335,coding,gene-b2908,3053514,3054840,1327
gene-b2909,ygfB,137,coding,gene-b2909,3054865,3055444,580
gene-b2910,zapA,96,coding,gene-b2910,3055611,3055941,331
gene-b2911,ssrS,42,coding,gene-b2911,3055982,3056165,184
gene-b2912,fau,118,coding,gene-b2912,3056240,3056789,550
gene-b2913,serA,326,coding,gene-b2913,3057177,3058410,1234
gene-b2914,rpiA,202,coding,gene-b2914,3058665,3059325,661
gene-b2916,argP,269,coding,gene-b2916,3059752,3060646,895
gene-b2917,scpA,621,coding,gene-b2917,3060849,3062994,2146
gene-b2918,argK,261,coding,gene-b2918,3062986,3063982,997
gene-b2919,scpB,220,coding,gene-b2919,3063992,3064778,787
gene-b2920,scpC,376,coding,gene-b2920,3064801,3066280,1480
gene-b2921,ygfI,269,coding,gene-b2921,3066276,3067173,898
gene-b2922,yggE,200,coding,gene-b2922,3067339,3068080,742
gene-b2923,argO,140,coding,gene-b2923,3068172,3068808,637
gene-b2924,mscS,265,coding,gene-b2924,3068946,3069807,862
gene-b2925,fbaA,322,coding,gene-b2925,3070164,3071244,1081
gene-b2926,pgk,321,coding,gene-b2926,3071458,3072622,1165
gene-b2927,epd,269,coding,gene-b2927,3072671,3073691,1021
gene-b2928,yggC,199,coding,gene-b2928,3073975,3074689,715
gene-b2929,fumE,116,coding,gene-b2929,3074685,3075195,511
gene-b2930,yggF,245,coding,gene-b2930,3075216,3076182,967
gene-b2933,cmtA,321,coding,gene-b2933,3077470,3078859,1390
gene-b2934,cmtB,113,coding,gene-b2934,3078886,3079330,445
gene-b2935,tktA,636,coding,gene-b2935,3079643,3081635,1993
gene-b2936,loiP,227,coding,gene-b2936,3081912,3082671,760
gene-b2937,speB,264,coding,gene-b2937,3082876,3083797,922
gene-b2938,speA,586,coding,gene-b2938,3083934,3085911,1978
gene-b2939,yqgB,40,coding,gene-b2939,3085919,3086051,133
gene-b2940,yqgC,28,coding,gene-b2940,3086186,3086402,217
gene-b2941,yqgD,67,coding,gene-b2941,3086398,3086650,253
gene-b2942,metK,303,coding,gene-b2942,3086705,3087860,1156
gene-b2943,galP,416,coding,gene-b2943,3088283,3089678,1396
gene-b2944,yggI,132,coding,gene-b2944,3089754,3090252,499
gene-b2945,endA,207,coding,gene-b2945,3090346,3091054,709
gene-b2946,rsmE,218,coding,gene-b2946,3091133,3091865,733
gene-b2947,gshB,267,coding,gene-b2947,3091877,3092828,952
gene-b2948,yqgE,149,coding,gene-b2948,3092936,3093500,565
gene-b2949,yqgF,95,coding,gene-b2949,3093499,3093916,418
gene-b2950,yggR,269,coding,gene-b2950,3094099,3095080,982
gene-b2951,yggS,191,coding,gene-b2951,3095097,3095802,706
gene-b2952,yggT,147,coding,gene-b2952,3095819,3096386,568
gene-b2953,yggU,71,coding,gene-b2953,3096382,3096673,292
gene-b2954,rdgB,164,coding,gene-b2954,3096680,3097274,595
gene-b2955,hemW,306,coding,gene-b2955,3097266,3098403,1138
gene-b2956,yggM,274,coding,gene-b2956,3098557,3099565,1009
gene-b2957,ansB,272,coding,gene-b2957,3099681,3100728,1048
gene-b2958,yggN,206,coding,gene-b2958,3100903,3101623,721
gene-b2959,yggL,103,coding,gene-b2959,3101806,3102133,328
gene-b2960,trmB,191,coding,gene-b2960,3102132,3102852,721
gene-b2961,mutY,288,coding,gene-b2961,3103012,3104065,1054
gene-b2962,yggX,69,coding,gene-b2962,3104092,3104368,277
gene-b2963,mltC,288,coding,gene-b2963,3104432,3105512,1081
gene-b2964,nupG,331,coding,gene-b2964,3105713,3106970,1258
gene-b2965,speC,527,coding,gene-b2965,3107019,3109155,2137
gene-b2966,yqgA,194,coding,gene-b2966,3109552,3110260,709
gene-b2967,pheV,19,coding,gene-b2967,3110365,3110441,77
gene-b2968,yghD,152,coding,gene-b2968,3110589,3111126,538
gene-b2969,yghE,118,coding,gene-b2969,3111127,3111988,862
gene-b2970,yghF,282,coding,gene-b2970,3112053,3113049,997
gene-b2971,yghG,107,coding,gene-b2971,3113066,3113477,412
gene-b2972,pppA,196,coding,gene-b2972,3113542,3114352,811
gene-b2975,glcA,478,coding,gene-b2975,3119596,3121279,1684
gene-b2976,glcB,645,coding,gene-b2976,3121633,3123805,2173
gene-b2977,glcG,111,coding,gene-b2977,3123826,3124231,406
gene-b2979,glcD,401,coding,gene-b2979,3126521,3128021,1501
gene-b2980,glcC,237,coding,gene-b2980,3128271,3129036,766
gene-b2981,yghO,312,coding,gene-b2981,3129042,3130215,1174
gene-b2982,insH9,257,coding,gene-b2982,3130213,3131194,982
gene-b2983,yghQ,268,coding,gene-b2983,3131340,3132408,1069
gene-b2984,yghR,204,coding,gene-b2984,3132453,3133212,760
gene-b2985,yghS,190,coding,gene-b2985,3133243,3133957,715
gene-b2986,yghT,221,coding,gene-b2986,3134130,3134823,694
gene-b2987,pitB,372,coding,gene-b2987,3134871,3136371,1501
gene-b2988,gss,521,coding,gene-b2988,3136662,3138522,1861
gene-b2989,yghU,246,coding,gene-b2989,3138726,3139593,868
gene-b2990,hybG,73,coding,gene-b2990,3139715,3139964,250
gene-b2991,hybF,90,coding,gene-b2991,3139976,3140318,343
gene-b2992,hybE,107,coding,gene-b2992,3140310,3140799,490
gene-b2993,hybD,122,coding,gene-b2993,3140791,3141286,496
gene-b2994,hybC,484,coding,gene-b2994,3141285,3142989,1705
gene-b2995,hybB,273,coding,gene-b2995,3142985,3144164,1180
gene-b2996,hybA,238,coding,gene-b2996,3144153,3145140,988
gene-b2997,hybO,300,coding,gene-b2997,3145142,3146261,1120
gene-b2998,yghW,97,coding,gene-b2998,3146449,3146737,289
gene-b3001,gpr,264,coding,gene-b3001,3147896,3148937,1042
gene-b3002,yqhA,99,coding,gene-b3002,3148976,3149471,496
gene-b3003,yghA,234,coding,gene-b3003,3149661,3150546,886
gene-b3005,exbD,156,coding,gene-b3005,3150817,3151243,427
gene-b3006,exbB,192,coding,gene-b3006,3151249,3151984,736
gene-b3008,metC,366,coding,gene-b3008,3152235,3153423,1189
gene-b3009,yghB,183,coding,gene-b3009,3153562,3154222,661
gene-b3010,yqhC,248,coding,gene-b3010,3154261,3155218,958
gene-b3011,yqhD,330,coding,gene-b3011,3155354,3156518,1165
gene-b3012,dkgA,217,coding,gene-b3012,3156622,3157450,829
gene-b3013,yqhG,235,coding,gene-b3013,3157649,3158576,928
gene-b3014,yqhH,61,coding,gene-b3014,3158626,3158884,259
gene-b3017,ftsP,389,coding,gene-b3017,3161256,3162669,1414
gene-b3018,plsC,193,coding,gene-b3018,3162743,3163481,739
gene-b3019,parC,667,coding,gene-b3019,3163714,3165973,2260
gene-b3020,ygiS,402,coding,gene-b3020,3166110,3167718,1609
gene-b3021,mqsA,137,coding,gene-b3021,3167850,3168246,397
gene-b3022,mqsR,79,coding,gene-b3022,3168247,3168544,298
gene-b3023,ygiV,145,coding,gene-b3023,3168748,3169231,484
gene-b3024,ygiW,96,coding,gene-b3024,3169283,3169676,394
gene-b3025,qseB,184,coding,gene-b3025,3169827,3170487,661
gene-b3026,qseC,351,coding,gene-b3026,3170483,3171833,1351
gene-b3027,ygiZ,89,coding,gene-b3027,3171878,3172211,334
gene-b3028,mdaB,203,coding,gene-b3028,3172529,3173111,583
gene-b3029,ygiN,72,coding,gene-b3029,3173141,3173456,316
gene-b3030,parE,515,coding,gene-b3030,3173503,3175396,1894
gene-b3031,yqiA,147,coding,gene-b3031,3175424,3176006,583
gene-b3032,cpdA,229,coding,gene-b3032,3176005,3176833,829
gene-b3033,yqiB,88,coding,gene-b3033,3176857,3177280,424
gene-b3034,nudF,149,coding,gene-b3034,3177280,3177910,631
gene-b3035,tolC,394,coding,gene-b3035,3178114,3179596,1483
gene-b3037,ygiB,188,coding,gene-b3037,3179743,3180415,673
gene-b3038,ygiC,280,coding,gene-b3038,3180420,3181581,1162
gene-b3039,ygiD,203,coding,gene-b3039,3181618,3182434,817
gene-b3040,zupT,190,coding,gene-b3040,3182549,3183323,775
gene-b3041,ribB,184,coding,gene-b3041,3183812,3184466,655
gene-b3042,ubiK,110,coding,gene-b3042,3184839,3185130,292
gene-b3043,ygiL,233,coding,gene-b3043,3185413,3185965,553
gene-b3044,insC5,103,coding,gene-b3044,3186186,3186552,367
gene-b3045,insD5,208,coding,gene-b3045,3186509,3187415,907
gene-b3047,yqiH,263,coding,gene-b3047,3189880,3190630,751
gene-b3048,yqiI,285,coding,gene-b3048,3190631,3191696,1066
gene-b3049,glgS,45,coding,gene-b3049,3191738,3191939,202
gene-b3050,yqiJ,209,coding,gene-b3050,3192207,3192837,631
gene-b3051,yqiK,429,coding,gene-b3051,3192863,3194525,1663
gene-b3052,hldE,342,coding,gene-b3052,3195319,3196753,1435
gene-b3053,glnE,738,coding,gene-b3053,3196800,3199641,2842
gene-b3054,ygiF,353,coding,gene-b3054,3199663,3200965,1303
gene-b3055,ygiM,165,coding,gene-b3055,3201206,3201827,622
gene-b3056,cca,332,coding,gene-b3056,3201890,3203129,1240
gene-b3057,bacA,202,coding,gene-b3057,3203309,3204131,823
gene-b3058,folB,105,coding,gene-b3058,3204220,3204589,370
gene-b3059,plsY,166,coding,gene-b3059,3204693,3205311,619
gene-b3060,ttdR,266,coding,gene-b3060,3205323,3206256,934
gene-b3061,ttdA,263,coding,gene-b3061,3206462,3207374,913
gene-b3062,ttdB,157,coding,gene-b3062,3207370,3207976,607
gene-b3063,ttdT,350,coding,gene-b3063,3208023,3209487,1465
gene-b3064,tsaD,283,coding,gene-b3064,3209529,3210543,1015
gene-b3065,rpsU,95,coding,gene-b3065,3210780,3210996,217
gene-b3066,dnaG,524,coding,gene-b3066,3211106,3212852,1747
gene-b3067,rpoD,545,coding,gene-b3067,3213046,3214888,1843
gene-b3068,mug,153,coding,gene-b3068,3214966,3215473,508
gene-b3069,ileX,27,coding,gene-b3069,3215597,3215673,77
gene-b3070,nfeF,213,coding,gene-b3070,3215726,3216491,766
gene-b3071,nfeR,228,coding,gene-b3071,3216778,3217402,625
gene-b3072,aer,374,coding,gene-b3072,3217555,3219076,1522
gene-b3073,patA,424,coding,gene-b3073,3219493,3220873,1381
gene-b3074,ygjH,71,coding,gene-b3074,3220914,3221247,334
gene-b3075,ebgR,270,coding,gene-b3075,3221465,3222449,985
gene-b3076,ebgA,870,coding,gene-b3076,3222632,3225725,3094
gene-b3077,ebgC,104,coding,gene-b3077,3225721,3226171,451
gene-b3078,ygjI,376,coding,gene-b3078,3226233,3227667,1435
gene-b3079,ygjJ,279,coding,gene-b3079,3227800,3228871,1072
gene-b3080,ygjK,588,coding,gene-b3080,3228887,3231239,2353
gene-b3081,fadH,569,coding,gene-b3081,3231664,3233683,2020
gene-b3082,higA,106,coding,gene-b3082,3233727,3234144,418
gene-b3083,higB,76,coding,gene-b3083,3234140,3234455,316
gene-b3084,rlmG,342,coding,gene-b3084,3234738,3235875,1138
gene-b3085,ygjP,119,coding,gene-b3085,3235959,3236463,505
gene-b3086,ygjQ,179,coding,gene-b3086,3236539,3237232,694
gene-b3087,ygjR,268,coding,gene-b3087,3237310,3238297,988
gene-b3088,alx,241,coding,gene-b3088,3238579,3239545,967
gene-b3089,sstT,356,coding,gene-b3089,3239943,3241188,1246
gene-b3090,ygjV,125,coding,gene-b3090,3241192,3241744,553
gene-b3091,uxaA,432,coding,gene-b3091,3241826,3243314,1489
gene-b3092,uxaC,342,coding,gene-b3092,3243328,3244741,1414
gene-b3093,exuT,386,coding,gene-b3093,3245223,3246522,1300
gene-b3094,exuR,230,coding,gene-b3094,3246651,3247428,778
gene-b3095,yqjA,167,coding,gene-b3095,3247772,3248435,664
gene-b3096,mzrA,92,coding,gene-b3096,3248438,3248822,385
gene-b3097,yqjC,90,coding,gene-b3097,3248968,3249337,370
gene-b3098,yqjD,73,coding,gene-b3098,3249374,3249680,307
gene-b3099,yqjE,104,coding,gene-b3099,3249682,3250087,406
gene-b3100,yqjK,77,coding,gene-b3100,3250076,3250376,301
gene-b3101,yqjF,95,coding,gene-b3101,3250561,3250954,394
gene-b3102,yqjG,270,coding,gene-b3102,3251023,3252010,988
gene-b3103,yhaH,122,coding,gene-b3103,3252303,3252669,367
gene-b3104,yhaI,112,coding,gene-b3104,3252910,3253267,358
gene-b3105,yhaJ,224,coding,gene-b3105,3253317,3254214,898
gene-b3106,yhaK,182,coding,gene-b3106,3254318,3255020,703
gene-b3107,yhaL,37,coding,gene-b3107,3255042,3255207,166
gene-b3110,cyuP,316,coding,gene-b3110,3256678,3258010,1333
gene-b3113,tdcF,102,coding,gene-b3113,3259720,3260110,391
gene-b3114,tdcE,596,coding,gene-b3114,3260123,3262418,2296
gene-b3115,tdcD,324,coding,gene-b3115,3262451,3263660,1210
gene-b3116,tdcC,312,coding,gene-b3116,3263685,3265017,1333
gene-b3117,tdcB,271,coding,gene-b3117,3265038,3266028,991
gene-b3118,tdcA,243,coding,gene-b3118,3266126,3267065,940
gene-b3119,tdcR,146,coding,gene-b3119,3267379,3267598,220
gene-b3120,yhaB,206,coding,gene-b3120,3267853,3268393,541
gene-b3121,yhaC,413,coding,gene-b3121,3268414,3269602,1189
gene-b3123,rnpB,152,coding,gene-b3123,3270215,3270592,378
gene-b3124,garK,313,coding,gene-b3124,3270624,3271770,1147
gene-b3125,garR,241,coding,gene-b3125,3271866,3272751,886
gene-b3126,garL,212,coding,gene-b3126,3272786,3273557,772
gene-b3127,garP,297,coding,gene-b3127,3273572,3274907,1336
gene-b3128,garD,465,coding,gene-b3128,3275281,3276853,1573
gene-b3129,prlF,101,coding,gene-b3129,3277001,3277337,337
gene-b3130,yhaV,96,coding,gene-b3130,3277336,3277801,466
gene-b3131,agaR,227,coding,gene-b3131,3277855,3278665,811
gene-b3132,kbaZ,412,coding,gene-b3132,3278913,3280194,1282
gene-b3133,agaV,128,coding,gene-b3133,3280216,3280690,475
gene-b3136,agaS,368,coding,gene-b3136,3281975,3283130,1156
gene-b3137,kbaY,216,coding,gene-b3137,3283142,3284003,862
gene-b3138,agaB,169,coding,gene-b3138,3284169,3284646,478
gene-b3139,agaC,205,coding,gene-b3139,3284684,3285488,805
gene-b3140,agaD,177,coding,gene-b3140,3285477,3286269,793
gene-b3141,agaI,207,coding,gene-b3141,3286269,3287025,757
gene-b3142,yraH,260,coding,gene-b3142,3287425,3288010,586
gene-b3143,yraI,190,coding,gene-b3143,3288089,3288785,697
gene-b3144,yraJ,613,coding,gene-b3144,3288813,3291330,2518
gene-b3145,yraK,278,coding,gene-b3145,3291340,3292432,1093
gene-b3146,rsmI,235,coding,gene-b3146,3292474,3293335,862
gene-b3147,lpoA,558,coding,gene-b3147,3293399,3295436,2038
gene-b3148,yraN,97,coding,gene-b3148,3295393,3295789,397
gene-b3149,diaA,156,coding,gene-b3149,3295808,3296399,592
gene-b3150,dolP,156,coding,gene-b3150,3296408,3296984,577
gene-b3151,yraQ,237,coding,gene-b3151,3297097,3298138,1042
gene-b3152,yraR,190,coding,gene-b3152,3298210,3298846,637
gene-b3153,yhbO,141,coding,gene-b3153,3298973,3299492,520
gene-b3154,yhbP,142,coding,gene-b3154,3299471,3299915,445
gene-b3155,yhbQ,70,coding,gene-b3155,3299965,3300268,304
gene-b3156,yhbS,130,coding,gene-b3156,3300254,3300758,505
gene-b3157,ubiT,123,coding,gene-b3157,3300751,3301276,526
gene-b3158,ubiU,306,coding,gene-b3158,3301484,3302480,997
gene-b3159,ubiV,235,coding,gene-b3159,3302488,3303367,880
gene-b3160,yhbW,262,coding,gene-b3160,3303447,3304455,1009
gene-b3161,mtr,304,coding,gene-b3161,3304572,3305817,1246
gene-b3162,deaD,544,coding,gene-b3162,3305970,3307860,1891
gene-b3163,nlpI,243,coding,gene-b3163,3308039,3308924,886
gene-b3164,pnp,598,coding,gene-b3164,3309032,3311168,2137
gene-b3165,rpsO,82,coding,gene-b3165,3311414,3311684,271
gene-b3166,truB,276,coding,gene-b3166,3311832,3312777,946
gene-b3167,rbfA,100,coding,gene-b3167,3312776,3313178,403
gene-b3168,infB,737,coding,gene-b3168,3313341,3316014,2674
gene-b3169,nusA,388,coding,gene-b3169,3316038,3317526,1489
gene-b3170,rimP,113,coding,gene-b3170,3317553,3318006,454
gene-b3171,metY,47,coding,gene-b3171,3318212,3318289,78
gene-b3172,argG,378,coding,gene-b3172,3318636,3319980,1345
gene-b3173,yhbX,421,coding,gene-b3173,3319987,3321613,1627
gene-b3174,leuU,76,coding,gene-b3174,3322071,3322158,88
gene-b3175,secG,74,coding,gene-b3175,3322172,3322505,334
gene-b3176,glmM,376,coding,gene-b3176,3322732,3324070,1339
gene-b3177,folP,227,coding,gene-b3177,3324062,3324911,850
gene-b3178,ftsH,513,coding,gene-b3178,3325000,3326935,1936
gene-b3179,rlmE,169,coding,gene-b3179,3327034,3327664,631
gene-b3180,yhbY,70,coding,gene-b3180,3327789,3328083,295
gene-b3181,greA,130,coding,gene-b3181,3328238,3328715,478
gene-b3182,dacB,405,coding,gene-b3182,3328962,3330396,1435
gene-b3183,obgE,327,coding,gene-b3183,3330581,3331754,1174
gene-b3184,yhbE,234,coding,gene-b3184,3331769,3332735,967
gene-b3185,rpmA,66,coding,gene-b3185,3332861,3333119,259
gene-b3186,rplU,75,coding,gene-b3186,3333139,3333451,313
gene-b3187,ispB,270,coding,gene-b3187,3333709,3334681,973
gene-b3188,sfsB,83,coding,gene-b3188,3334908,3335187,280
gene-b3189,murA,354,coding,gene-b3189,3335234,3336494,1261
gene-b3190,ibaG,65,coding,gene-b3190,3336548,3336803,256
gene-b3191,mlaB,82,coding,gene-b3191,3336962,3337256,295
gene-b3192,mlaC,161,coding,gene-b3192,3337255,3337891,637
gene-b3193,mlaD,121,coding,gene-b3193,3337909,3338461,553
gene-b3194,mlaE,175,coding,gene-b3194,3338465,3339248,784
gene-b3195,mlaF,221,coding,gene-b3195,3339255,3340065,811
gene-b3196,yrbG,272,coding,gene-b3196,3340274,3341252,979
gene-b3197,kdsD,253,coding,gene-b3197,3341265,3342252,988
gene-b3198,kdsC,154,coding,gene-b3198,3342272,3342839,568
gene-b3199,lptC,130,coding,gene-b3199,3342835,3343411,577
gene-b3200,lptA,132,coding,gene-b3200,3343379,3343937,559
gene-b3201,lptB,217,coding,gene-b3201,3343943,3344669,727
gene-b3202,rpoN,393,coding,gene-b3202,3344716,3346150,1435
gene-b3203,hpf,72,coding,gene-b3203,3346172,3346460,289
gene-b3204,ptsN,125,coding,gene-b3204,3346577,3347069,493
gene-b3205,rapZ,217,coding,gene-b3205,3347114,3347969,856
gene-b3206,npr,59,coding,gene-b3206,3347965,3348238,274
gene-b3207,yrbL,198,coding,gene-b3207,3348451,3349084,634
gene-b3208,mtgA,180,coding,gene-b3208,3349080,3349809,730
gene-b3209,elbB,161,coding,gene-b3209,3349805,3350459,655
gene-b3210,arcB,552,coding,gene-b3210,3350688,3353025,2338
gene-b3211,yhcC,246,coding,gene-b3211,3353120,3354050,931
gene-b3212,gltB,1277,coding,gene-b3212,3354724,3359185,4462
gene-b3213,gltD,385,coding,gene-b3213,3359197,3360616,1420
gene-b3214,gltF,306,coding,gene-b3214,3361175,3361940,766
gene-b3215,yhcA,197,coding,gene-b3215,3362111,3362786,676
gene-b3216,yhcD,605,coding,gene-b3216,3362806,3365188,2383
gene-b3218,insH10,299,coding,gene-b3218,3365701,3366682,982
gene-b3219,yhcF,209,coding,gene-b3219,3366925,3367642,718
gene-b3220,yhcG,329,coding,gene-b3220,3367826,3368954,1129
gene-b3221,nanQ,127,coding,gene-b3221,3369013,3369478,466
gene-b3222,nanK,242,coding,gene-b3222,3369474,3370350,877
gene-b3223,nanE,199,coding,gene-b3223,3370346,3371036,691
gene-b3224,nanT,343,coding,gene-b3224,3371083,3372574,1492
gene-b3225,nanA,240,coding,gene-b3225,3372682,3373576,895
gene-b3226,nanR,232,coding,gene-b3226,3373697,3374489,793
gene-b3227,dcuD,397,coding,gene-b3227,3374868,3376236,1369
gene-b3228,sspB,129,coding,gene-b3228,3376278,3376776,499
gene-b3229,sspA,169,coding,gene-b3229,3376781,3377420,640
gene-b3230,rpsI,163,coding,gene-b3230,3377814,3378207,394
gene-b3231,rplM,111,coding,gene-b3231,3378222,3378651,430
gene-b3232,zapE,317,coding,gene-b3232,3378869,3379997,1129
gene-b3233,zapG,121,coding,gene-b3233,3380190,3380589,400
gene-b3234,degQ,376,coding,gene-b3234,3380742,3382110,1369
gene-b3235,degS,305,coding,gene-b3235,3382199,3383267,1069
gene-b3236,mdh,256,coding,gene-b3236,3383329,3384268,940
gene-b3237,argR,209,coding,gene-b3237,3384702,3385173,472
gene-b3238,yhcN,124,coding,gene-b3238,3385537,3385801,265
gene-b3239,yhcO,64,coding,gene-b3239,3385856,3386129,274
gene-b3240,aaeB,489,coding,gene-b3240,3386220,3388188,1969
gene-b3241,aaeA,260,coding,gene-b3241,3388193,3389126,934
gene-b3242,aaeX,40,coding,gene-b3242,3389133,3389337,205
gene-b3243,aaeR,272,coding,gene-b3243,3389519,3390449,931
gene-b3244,tldD,407,coding,gene-b3244,3390582,3392028,1447
gene-b3247,rng,402,coding,gene-b3247,3396325,3397795,1471
gene-b3248,yhdE,162,coding,gene-b3248,3397784,3398378,595
gene-b3249,mreD,111,coding,gene-b3249,3398386,3398875,490
gene-b3250,mreC,294,coding,gene-b3250,3398874,3399978,1105
gene-b3251,mreB,309,coding,gene-b3251,3400043,3401087,1045
gene-b3252,csrD,543,coding,gene-b3252,3401391,3403332,1942
gene-b3253,yhdH,246,coding,gene-b3253,3403483,3404458,976
gene-b3255,accB,157,coding,gene-b3255,3405435,3405906,472
gene-b3256,accC,394,coding,gene-b3256,3405916,3407266,1351
gene-b3257,yhdT,57,coding,gene-b3257,3407374,3407617,244
gene-b3258,panF,371,coding,gene-b3258,3407606,3409058,1453
gene-b3259,prmA,232,coding,gene-b3259,3409069,3409951,883
gene-b3260,dusB,307,coding,gene-b3260,3410279,3411245,967
gene-b3261,fis,77,coding,gene-b3261,3411270,3411567,298
gene-b3262,yhdJ,213,coding,gene-b3262,3411652,3412537,886
gene-b3263,yhdU,43,coding,gene-b3263,3412620,3412800,181
gene-b3264,envR,182,coding,gene-b3264,3412802,3413465,664
gene-b3265,acrE,345,coding,gene-b3265,3413863,3415021,1159
gene-b3266,acrF,763,coding,gene-b3266,3415032,3418137,3106
gene-b3267,yhdV,105,coding,gene-b3267,3418389,3418611,223
gene-b3269,yhdX,304,coding,gene-b3269,3420133,3421315,1183
gene-b3270,yhdY,259,coding,gene-b3270,3421324,3422428,1105
gene-b3271,yhdZ,198,coding,gene-b3271,3422435,3423194,760
gene-b3272,rrfF,50,coding,gene-b3272,3423422,3423542,121
gene-b3273,thrV,22,coding,gene-b3273,3423579,3423655,77
gene-b3274,rrfD,30,coding,gene-b3274,3423667,3423787,121
gene-b3275,rrlD,681,coding,gene-b3275,3423879,3426783,2905
gene-b3276,alaU,59,coding,gene-b3276,3426957,3427033,77
gene-b3277,ileU,23,coding,gene-b3277,3427075,3427152,78
gene-b3278,rrsD,391,coding,gene-b3278,3427220,3428762,1543
gene-b3279,yrdA,186,coding,gene-b3279,3429235,3429790,556
gene-b3280,yrdB,58,coding,gene-b3280,3429765,3430023,259
gene-b3281,aroE,202,coding,gene-b3281,3430019,3430838,820
gene-b3282,tsaC,150,coding,gene-b3282,3430842,3431415,574
gene-b3283,yrdD,140,coding,gene-b3283,3431419,3431962,544
gene-b3284,smg,114,coding,gene-b3284,3431990,3432464,475
gene-b3287,def,147,coding,gene-b3287,3433689,3434199,511
gene-b3288,fmt,265,coding,gene-b3288,3434213,3435161,949
gene-b3289,rsmB,345,coding,gene-b3289,3435206,3436496,1291
gene-b3290,trkA,349,coding,gene-b3290,3436517,3437894,1378
gene-b3291,mscL,114,coding,gene-b3291,3438023,3438434,412
gene-b3292,zntR,91,coding,gene-b3292,3438704,3439130,427
gene-b3293,yhdN,86,coding,gene-b3293,3439140,3439509,370
gene-b3294,rplQ,121,coding,gene-b3294,3439615,3439999,385
gene-b3295,rpoA,270,coding,gene-b3295,3440039,3441029,991
gene-b3296,rpsD,155,coding,gene-b3296,3441054,3441675,622
gene-b3297,rpsK,97,coding,gene-b3297,3441708,3442098,391
gene-b3298,rpsM,89,coding,gene-b3298,3442114,3442471,358
gene-b3299,rpmJ,46,coding,gene-b3299,3442617,3442734,118
gene-b3300,secY,314,coding,gene-b3300,3442765,3444097,1333
gene-b3301,rplO,95,coding,gene-b3301,3444104,3444539,436
gene-b3302,rpmD,42,coding,gene-b3302,3444542,3444722,181
gene-b3303,rpsE,133,coding,gene-b3303,3444725,3445229,505
gene-b3304,rplR,95,coding,gene-b3304,3445243,3445597,355
gene-b3305,rplF,137,coding,gene-b3305,3445606,3446140,535
gene-b3306,rpsH,82,coding,gene-b3306,3446152,3446545,394
gene-b3307,rpsN,78,coding,gene-b3307,3446578,3446884,307
gene-b3308,rplE,119,coding,gene-b3308,3446898,3447438,541
gene-b3309,rplX,95,coding,gene-b3309,3447452,3447767,316
gene-b3310,rplN,74,coding,gene-b3310,3447777,3448149,373
gene-b3311,rpsQ,67,coding,gene-b3311,3448313,3448568,256
gene-b3312,rpmC,59,coding,gene-b3312,3448567,3448759,193
gene-b3313,rplP,100,coding,gene-b3313,3448758,3449169,412
gene-b3314,rpsC,159,coding,gene-b3314,3449181,3449883,703
gene-b3315,rplV,87,coding,gene-b3315,3449900,3450233,334
gene-b3316,rpsS,64,coding,gene-b3316,3450247,3450526,280
gene-b3317,rplB,239,coding,gene-b3317,3450542,3451364,823
gene-b3318,rplW,83,coding,gene-b3318,3451381,3451684,304
gene-b3319,rplD,151,coding,gene-b3319,3451680,3452286,607
gene-b3320,rplC,181,coding,gene-b3320,3452296,3452926,631
gene-b3321,rpsJ,80,coding,gene-b3321,3452958,3453270,313
gene-b3322,gspB,120,coding,gene-b3322,3453507,3453927,421
gene-b3323,gspA,386,coding,gene-b3323,3453928,3455398,1471
gene-b3324,gspC,272,coding,gene-b3324,3455577,3456393,817
gene-b3325,gspD,486,coding,gene-b3325,3456376,3458329,1954
gene-b3326,gspE,397,coding,gene-b3326,3458338,3459820,1483
gene-b3327,gspF,274,coding,gene-b3327,3459816,3461013,1198
gene-b3328,gspG,94,coding,gene-b3328,3461022,3461460,439
gene-b3329,gspH,125,coding,gene-b3329,3461467,3461977,511
gene-b3330,gspI,88,coding,gene-b3330,3461973,3462351,379
gene-b3331,gspJ,118,coding,gene-b3331,3462343,3462931,589
gene-b3332,gspK,244,coding,gene-b3332,3462923,3463907,985
gene-b3333,gspL,286,coding,gene-b3333,3463921,3465085,1165
gene-b3334,gspM,93,coding,gene-b3334,3465081,3465543,463
gene-b3335,gspO,143,coding,gene-b3335,3465542,3466220,679
gene-b3336,bfr,135,coding,gene-b3336,3466248,3466725,478
gene-b3337,bfd,47,coding,gene-b3337,3466796,3466991,196
gene-b3338,chiA,709,coding,gene-b3338,3467159,3469853,2695
gene-b3339,tufA,378,coding,gene-b3339,3470144,3471329,1186
gene-b3340,fusA,534,coding,gene-b3340,3471399,3473514,2116
gene-b3341,rpsG,133,coding,gene-b3341,3473541,3474081,541
gene-b3342,rpsL,123,coding,gene-b3342,3474177,3474552,376
gene-b3343,tusB,74,coding,gene-b3343,3474677,3474965,289
gene-b3344,tusC,96,coding,gene-b3344,3474972,3475332,361
gene-b3345,tusD,97,coding,gene-b3345,3475331,3475718,388
gene-b3346,yheO,196,coding,gene-b3346,3475717,3476440,724
gene-b3347,fkpA,233,coding,gene-b3347,3476606,3477419,814
gene-b3348,slyX,86,coding,gene-b3348,3477639,3477858,220
gene-b3349,slyD,149,coding,gene-b3349,3477906,3478497,592
gene-b3350,kefB,408,coding,gene-b3350,3478801,3480607,1807
gene-b3351,kefG,135,coding,gene-b3351,3480606,3481161,556
gene-b3352,yheS,511,coding,gene-b3352,3481288,3483202,1915
gene-b3353,yheT,269,coding,gene-b3353,3483201,3484224,1024
gene-b3354,yheU,45,coding,gene-b3354,3484217,3484436,220
gene-b3355,prkB,218,coding,gene-b3355,3484489,3485359,871
gene-b3356,yhfA,91,coding,gene-b3356,3485413,3485818,406
gene-b3357,crp,208,coding,gene-b3357,3486119,3486752,634
gene-b3358,yhfK,544,coding,gene-b3358,3486790,3488893,2104
gene-b3359,argD,299,coding,gene-b3359,3488959,3490180,1222
gene-b3360,pabA,148,coding,gene-b3360,3490265,3490829,565
gene-b3361,fic,155,coding,gene-b3361,3490860,3491463,604
gene-b3362,yhfG,39,coding,gene-b3362,3491452,3491620,169
gene-b3363,ppiA,125,coding,gene-b3363,3491724,3492297,574
gene-b3364,tsgA,287,coding,gene-b3364,3492567,3493749,1183
gene-b3365,nirB,733,coding,gene-b3365,3494010,3496554,2545
gene-b3366,nirD,91,coding,gene-b3366,3496550,3496877,328
gene-b3367,nirC,251,coding,gene-b3367,3497002,3497809,808
gene-b3368,cysG,358,coding,gene-b3368,3497827,3499201,1375
gene-b3369,yhfL,88,coding,gene-b3369,3499447,3499615,169
gene-b3370,frlA,383,coding,gene-b3370,3499909,3501247,1339
gene-b3371,frlB,260,coding,gene-b3371,3501267,3502290,1024
gene-b3374,frlD,211,coding,gene-b3374,3503166,3503952,787
gene-b3375,frlR,186,coding,gene-b3375,3504051,3504783,733
gene-b3376,yhfS,334,coding,gene-b3376,3504934,3506020,1087
gene-b3377,yhfT,306,coding,gene-b3377,3506031,3507336,1306
gene-b3378,yhfU,86,coding,gene-b3378,3507347,3507701,355
gene-b3379,php,217,coding,gene-b3379,3507711,3508590,880
gene-b3380,yhfW,331,coding,gene-b3380,3508586,3509813,1228
gene-b3381,yhfX,309,coding,gene-b3381,3509812,3510976,1165
gene-b3382,yhfY,99,coding,gene-b3382,3511059,3511422,364
gene-b3383,yhfZ,229,coding,gene-b3383,3511438,3512344,907
gene-b3384,trpS,319,coding,gene-b3384,3512633,3513638,1006
gene-b3385,gph,205,coding,gene-b3385,3513630,3514389,760
gene-b3386,rpe,168,coding,gene-b3386,3514381,3515059,679
gene-b3387,dam,231,coding,gene-b3387,3515076,3515913,838
gene-b3388,damX,319,coding,gene-b3388,3516019,3517306,1288
gene-b3389,aroB,315,coding,gene-b3389,3517397,3518486,1090
gene-b3390,aroK,127,coding,gene-b3390,3518542,3519064,523
gene-b3391,hofQ,358,coding,gene-b3391,3519464,3520703,1240
gene-b3392,hofP,76,coding,gene-b3392,3520614,3521019,406
gene-b3393,hofO,110,coding,gene-b3393,3521008,3521449,442
gene-b3394,hofN,133,coding,gene-b3394,3521432,3521972,541
gene-b3395,hofM,199,coding,gene-b3395,3521971,3522751,781
gene-b3396,mrcA,688,coding,gene-b3396,3522870,3525423,2554
gene-b3397,nudE,150,coding,gene-b3397,3525588,3526149,562
gene-b3398,igaA,587,coding,gene-b3398,3526468,3528604,2137
gene-b3399,yrfG,164,coding,gene-b3399,3528668,3529337,670
gene-b3400,hslR,96,coding,gene-b3400,3529347,3529749,403
gene-b3401,hslO,241,coding,gene-b3401,3529773,3530652,880
gene-b3402,yhgE,395,coding,gene-b3402,3530714,3532439,1726
gene-b3403,pck,454,coding,gene-b3403,3532817,3534440,1624
gene-b3404,envZ,365,coding,gene-b3404,3534515,3535868,1354
gene-b3405,ompR,177,coding,gene-b3405,3535864,3536584,721
gene-b3406,greB,149,coding,gene-b3406,3536811,3537288,478
gene-b3407,yhgF,623,coding,gene-b3407,3537384,3539706,2323
gene-b3408,feoA,89,coding,gene-b3408,3540162,3540390,229
gene-b3409,feoB,626,coding,gene-b3409,3540406,3542728,2323
gene-b3410,feoC,45,coding,gene-b3410,3542727,3542964,238
gene-b3411,rpnA,239,coding,gene-b3411,3543166,3544045,880
gene-b3412,bioH,181,coding,gene-b3412,3544073,3544844,772
gene-b3413,yhgH,159,coding,gene-b3413,3544881,3545565,685
gene-b3414,nfuA,154,coding,gene-b3414,3545623,3546199,577
gene-b3415,gntT,379,coding,gene-b3415,3546558,3547875,1318
gene-b3416,malQ,574,coding,gene-b3416,3547985,3550070,2086
gene-b3417,malP,617,coding,gene-b3417,3550079,3552473,2395
gene-b3418,malT,843,coding,gene-b3418,3553084,3555790,2707
gene-b3421,rtcB,317,coding,gene-b3421,3556852,3558079,1228
gene-b3422,rtcR,472,coding,gene-b3422,3558267,3559866,1600
gene-b3424,glpG,263,coding,gene-b3424,3560621,3561452,832
gene-b3425,glpE,88,coding,gene-b3425,3561496,3561823,328
gene-b3426,glpD,446,coding,gene-b3426,3562012,3563518,1507
gene-b3427,yzgL,76,coding,gene-b3427,3563723,3564005,283
gene-b3428,glgP,680,coding,gene-b3428,3564133,3566581,2449
gene-b3429,glgA,419,coding,gene-b3429,3566599,3568033,1435
gene-b3430,glgC,311,coding,gene-b3430,3568032,3569328,1297
gene-b3431,glgX,519,coding,gene-b3431,3569345,3571319,1975
gene-b3432,glgB,540,coding,gene-b3432,3571315,3573502,2188
gene-b3433,asd,297,coding,gene-b3433,3573774,3574878,1105
gene-b3434,yhgN,163,coding,gene-b3434,3575070,3575664,595
gene-b3437,gntK,152,coding,gene-b3437,3577064,3577592,529
gene-b3438,gntR,260,coding,gene-b3438,3577730,3578726,997
gene-b3439,yhhW,180,coding,gene-b3439,3578949,3579645,697
gene-b3440,yhhX,293,coding,gene-b3440,3579767,3580805,1039
gene-b3441,yhhY,146,coding,gene-b3441,3581137,3581626,490
gene-b3442,yhhZ,469,coding,gene-b3442,3581862,3583041,1180
gene-b3444,insA6,122,coding,gene-b3444,3583482,3583758,277
gene-b3445,insB6,101,coding,gene-b3445,3583676,3584180,505
gene-b3446,yrhB,117,coding,gene-b3446,3584758,3585043,286
gene-b3447,ggt,506,coding,gene-b3447,3585080,3586823,1744
gene-b3448,yhhA,116,coding,gene-b3448,3586942,3587383,442
gene-b3449,ugpQ,190,coding,gene-b3449,3587369,3588113,745
gene-b3450,ugpC,301,coding,gene-b3450,3588109,3589180,1072
gene-b3451,ugpE,200,coding,gene-b3451,3589181,3590027,847
gene-b3452,ugpA,190,coding,gene-b3452,3590023,3590911,889
gene-b3453,ugpB,327,coding,gene-b3453,3591008,3592325,1318
gene-b3454,livF,240,coding,gene-b3454,3592723,3593437,715
gene-b3455,livG,217,coding,gene-b3455,3593438,3594206,769
gene-b3456,livM,297,coding,gene-b3456,3594202,3595480,1279
gene-b3457,livH,209,coding,gene-b3457,3595476,3596403,928
gene-b3458,livK,299,coding,gene-b3458,3596450,3597560,1111
gene-b3459,panZ,169,coding,gene-b3459,3597983,3598367,385
gene-b3460,livJ,305,coding,gene-b3460,3598554,3599658,1105
gene-b3461,rpoH,260,coding,gene-b3461,3599928,3600783,856
gene-b3462,ftsX,304,coding,gene-b3462,3601027,3602086,1060
gene-b3463,ftsE,181,coding,gene-b3463,3602078,3602747,670
gene-b3464,ftsY,390,coding,gene-b3464,3602749,3604243,1495
gene-b3465,rsmD,168,coding,gene-b3465,3604392,3604989,598
gene-b3466,yhhL,61,coding,gene-b3466,3604978,3605248,271
gene-b3467,yhhM,94,coding,gene-b3467,3605250,3605610,361
gene-b3468,yhhN,161,coding,gene-b3468,3605750,3606377,628
gene-b3469,zntA,589,coding,gene-b3469,3606450,3608649,2200
gene-b3470,tusA,61,coding,gene-b3470,3608750,3608996,247
gene-b3471,yhhQ,175,coding,gene-b3471,3609216,3609882,667
gene-b3472,dcrB,132,coding,gene-b3472,3609954,3610512,559
gene-b3473,yhhS,267,coding,gene-b3473,3610515,3611733,1219
gene-b3474,yhhT,280,coding,gene-b3474,3611864,3612914,1051
gene-b3475,acpT,164,coding,gene-b3475,3612968,3613556,589
gene-b3476,nikA,434,coding,gene-b3476,3613666,3615241,1576
gene-b3477,nikB,262,coding,gene-b3477,3615240,3616185,946
gene-b3478,nikC,215,coding,gene-b3478,3616181,3617015,835
gene-b3479,nikD,223,coding,gene-b3479,3617014,3617779,766
gene-b3480,nikE,234,coding,gene-b3480,3617775,3618582,808
gene-b3481,nikR,100,coding,gene-b3481,3618587,3618989,403
gene-b3482,rhsB,1232,coding,gene-b3482,3619191,3623427,4237
gene-b3483,yhhH,128,coding,gene-b3483,3623398,3623782,385
gene-b3484,yhhI,357,coding,gene-b3484,3624377,3625514,1138
gene-b3485,yhhJ,332,coding,gene-b3485,3625678,3626803,1126
gene-b3486,rbbA,778,coding,gene-b3486,3626802,3629538,2737
gene-b3487,yhiI,290,coding,gene-b3487,3629534,3630602,1069
gene-b3488,yhiJ,528,coding,gene-b3488,3630967,3632590,1624
gene-b3491,yhiM,322,coding,gene-b3491,3634840,3635893,1054
gene-b3492,yhiN,335,coding,gene-b3492,3636207,3637410,1204
gene-b3493,pitA,390,coding,gene-b3493,3637641,3639141,1501
gene-b3494,uspB,104,coding,gene-b3494,3639384,3639720,337
gene-b3495,uspA,162,coding,gene-b3495,3640110,3640545,436
gene-b3496,dtpB,379,coding,gene-b3496,3640861,3642331,1471
gene-b3497,rsmJ,195,coding,gene-b3497,3642379,3643132,754
gene-b3498,prlC,505,coding,gene-b3498,3643139,3645182,2044
gene-b3499,rlmJ,221,coding,gene-b3499,3645384,3646227,844
gene-b3500,gor,353,coding,gene-b3500,3646298,3647651,1354
gene-b3501,arsR,111,coding,gene-b3501,3648527,3648881,355
gene-b3502,arsB,313,coding,gene-b3502,3648934,3650224,1291
gene-b3503,arsC,91,coding,gene-b3503,3650236,3650662,427
gene-b3505,insH11,315,coding,gene-b3505,3652181,3653162,982
gene-b3506,slp,212,coding,gene-b3506,3653960,3654527,568
gene-b3507,dctR,194,coding,gene-b3507,3654682,3655213,532
gene-b3508,yhiD,176,coding,gene-b3508,3655254,3655902,649
gene-b3509,hdeB,91,coding,gene-b3509,3655965,3656292,328
gene-b3510,hdeA,99,coding,gene-b3510,3656407,3656740,334
gene-b3511,hdeD,160,coding,gene-b3511,3656994,3657567,574
gene-b3512,gadE,220,coding,gene-b3512,3658365,3658893,529
gene-b3513,mdtE,314,coding,gene-b3513,3659231,3660389,1159
gene-b3514,mdtF,791,coding,gene-b3514,3660413,3663527,3115
gene-b3515,gadW,250,coding,gene-b3515,3663889,3664618,730
gene-b3516,gadX,217,coding,gene-b3516,3664985,3665810,826
gene-b3517,gadA,433,coding,gene-b3517,3666179,3667580,1402
gene-b3518,ccp,438,coding,gene-b3518,3667790,3669188,1399
gene-b3519,treF,470,coding,gene-b3519,3669591,3671241,1651
gene-b3520,yhjB,122,coding,gene-b3520,3671291,3671894,604
gene-b3521,rcdB,267,coding,gene-b3521,3672413,3673313,901
gene-b3522,yhjD,247,coding,gene-b3522,3673361,3674375,1015
gene-b3523,yhjE,337,coding,gene-b3523,3674785,3676108,1324
gene-b3524,yhjG,521,coding,gene-b3524,3676289,3678350,2062
gene-b3525,pdeH,189,coding,gene-b3525,3678419,3679187,769
gene-b3526,kdgK,292,coding,gene-b3526,3679418,3680348,931
gene-b3527,yhjJ,383,coding,gene-b3527,3680443,3681940,1498
gene-b3528,dctA,348,coding,gene-b3528,3682160,3683447,1288
gene-b3529,pdeK,539,coding,gene-b3529,3683629,3685618,1990
gene-b3530,bcsC,921,coding,gene-b3530,3685699,3689173,3475
gene-b3531,bcsZ,263,coding,gene-b3531,3689154,3690261,1108
gene-b3532,bcsB,635,coding,gene-b3532,3690267,3692607,2341
gene-b3533,bcsA,708,coding,gene-b3533,3692617,3695236,2620
gene-b3535,yhjR,84,coding,gene-b3535,3695996,3696185,190
gene-b3536,bcsE,487,coding,gene-b3536,3696457,3698029,1573
gene-b3537,bcsF,54,coding,gene-b3537,3698025,3698217,193
gene-b3538,bcsG,445,coding,gene-b3538,3698213,3699893,1681
gene-b3539,yhjV,295,coding,gene-b3539,3700562,3701834,1273
gene-b3540,dppF,279,coding,gene-b3540,3701863,3702868,1006
gene-b3541,dppD,280,coding,gene-b3541,3702864,3703848,985
gene-b3542,dppC,224,coding,gene-b3542,3703858,3704761,904
gene-b3543,dppB,279,coding,gene-b3543,3704770,3705790,1021
gene-b3544,dppA,441,coding,gene-b3544,3706097,3707705,1609
gene-b3545,proK,78,coding,gene-b3545,3708615,3708692,78
gene-b3546,eptB,458,coding,gene-b3546,3708783,3710475,1693
gene-b3547,yhjX,321,coding,gene-b3547,3710798,3712007,1210
gene-b3548,yhjY,207,coding,gene-b3548,3712235,3712934,700
gene-b3549,tag,160,coding,gene-b3549,3713091,3713655,565
gene-b3550,yiaC,123,coding,gene-b3550,3713651,3714092,442
gene-b3551,bisC,610,coding,gene-b3551,3714060,3716394,2335
gene-b3552,yiaD,194,coding,gene-b3552,3716546,3717206,661
gene-b3553,ghrB,224,coding,gene-b3553,3717309,3718284,976
gene-b3554,yiaF,197,coding,gene-b3554,3718333,3719044,712
gene-b3555,yiaG,126,coding,gene-b3555,3719477,3719768,292
gene-b3556,cspA,112,coding,gene-b3556,3720048,3720261,214
gene-b3557,insJ,152,coding,gene-b3557,3720679,3721201,523
gene-b3558,insK,220,coding,gene-b3558,3721197,3722049,853
gene-b3559,glyS,604,coding,gene-b3559,3722327,3724397,2071
gene-b3560,glyQ,242,coding,gene-b3560,3724406,3725318,913
gene-b3561,wecH,276,coding,gene-b3561,3725886,3726882,997
gene-b3562,yiaA,89,coding,gene-b3562,3726923,3727361,439
gene-b3563,yiaB,80,coding,gene-b3563,3727406,3727748,343
gene-b3564,xylB,432,coding,gene-b3564,3727916,3729371,1456
gene-b3565,xylA,295,coding,gene-b3565,3729442,3730765,1324
gene-b3566,xylF,284,coding,gene-b3566,3731130,3732123,994
gene-b3567,xylG,374,coding,gene-b3567,3732200,3733742,1543
gene-b3568,xylH,267,coding,gene-b3568,3733719,3734901,1183
gene-b3569,xylR,337,coding,gene-b3569,3734978,3736157,1180
gene-b3570,bax,208,coding,gene-b3570,3736352,3737177,826
gene-b3571,malS,536,coding,gene-b3571,3737496,3739527,2032
gene-b3572,avtA,317,coding,gene-b3572,3739704,3740958,1255
gene-b3573,ysaA,154,coding,gene-b3573,3741108,3741582,475
gene-b3574,plaR,215,coding,gene-b3574,3741683,3742532,850
gene-b3575,yiaK,295,coding,gene-b3575,3742732,3743731,1000
gene-b3576,yiaL,121,coding,gene-b3576,3743742,3744210,469
gene-b3577,yiaM,130,coding,gene-b3577,3744327,3744801,475
gene-b3578,yiaN,297,coding,gene-b3578,3744803,3746081,1279
gene-b3579,yiaO,236,coding,gene-b3579,3746093,3747080,988
gene-b3580,lyxK,415,coding,gene-b3580,3747083,3748580,1498
gene-b3581,sgbH,181,coding,gene-b3581,3748576,3749239,664
gene-b3582,sgbU,226,coding,gene-b3582,3749231,3750092,862
gene-b3583,sgbE,186,coding,gene-b3583,3750085,3750781,697
gene-b3584,yiaT,221,coding,gene-b3584,3751127,3751868,742
gene-b3585,yiaU,301,coding,gene-b3585,3751991,3752966,976
gene-b3586,yiaV,284,coding,gene-b3586,3752962,3754099,1138
gene-b3587,yiaW,69,coding,gene-b3587,3754104,3754428,325
gene-b3588,aldB,435,coding,gene-b3588,3754972,3756511,1540
gene-b3589,yiaY,299,coding,gene-b3589,3756675,3757827,1153
gene-b3590,selB,598,coding,gene-b3590,3758016,3759861,1846
gene-b3591,selA,340,coding,gene-b3591,3759857,3761249,1393
gene-b3592,yibF,192,coding,gene-b3592,3761346,3761955,610
gene-b3593,rhsA,1198,coding,gene-b3593,3762182,3766316,4135
gene-b3594,yibA,306,coding,gene-b3594,3766336,3767179,844
gene-b3596,yibG,177,coding,gene-b3596,3768176,3768638,463
gene-b3597,yibH,352,coding,gene-b3597,3770242,3771379,1138
gene-b3598,yibI,78,coding,gene-b3598,3771381,3771744,364
gene-b3599,mtlA,537,coding,gene-b3599,3772280,3774194,1915
gene-b3600,mtlD,332,coding,gene-b3600,3774423,3775572,1150
gene-b3601,mtlR,161,coding,gene-b3601,3775571,3776159,589
gene-b3602,yibL,131,coding,gene-b3602,3776664,3777027,364
gene-b3603,lldP,451,coding,gene-b3603,3777398,3779054,1657
gene-b3604,lldR,218,coding,gene-b3604,3779053,3779830,778
gene-b3605,lldD,337,coding,gene-b3605,3779826,3781017,1192
gene-b3606,trmL,149,coding,gene-b3606,3781214,3781688,475
gene-b3607,cysE,223,coding,gene-b3607,3781740,3782562,823
gene-b3608,gpsA,277,coding,gene-b3608,3782641,3783661,1021
gene-b3609,secB,142,coding,gene-b3609,3783660,3784128,469
gene-b3610,grxC,62,coding,gene-b3610,3784190,3784442,253
gene-b3611,yibN,123,coding,gene-b3611,3784583,3785015,433
gene-b3612,gpmM,449,coding,gene-b3612,3785259,3786804,1546
gene-b3613,envC,318,coding,gene-b3613,3786837,3788097,1261
gene-b3614,yibQ,266,coding,gene-b3614,3788100,3789060,961
gene-b3615,waaH,322,coding,gene-b3615,3789046,3790081,1036
gene-b3616,tdh,286,coding,gene-b3616,3790319,3791345,1027
gene-b3617,kbl,303,coding,gene-b3617,3791354,3792551,1198
gene-b3618,htrL,312,coding,gene-b3618,3792825,3793683,859
gene-b3619,rfaD,310,coding,gene-b3619,3793986,3794919,934
gene-b3620,waaF,278,coding,gene-b3620,3794928,3795975,1048
gene-b3621,waaC,246,coding,gene-b3621,3795978,3796938,961
gene-b3622,waaL,322,coding,gene-b3622,3796947,3798207,1261
gene-b3623,waaU,379,coding,gene-b3623,3798238,3799312,1075
gene-b3624,waaZ,299,coding,gene-b3624,3799344,3800196,853
gene-b3625,waaY,281,coding,gene-b3625,3800266,3800965,700
gene-b3626,waaJ,328,coding,gene-b3626,3800982,3801999,1018
gene-b3627,waaO,340,coding,gene-b3627,3802038,3803058,1021
gene-b3628,waaB,332,coding,gene-b3628,3803057,3804137,1081
gene-b3629,waaS,393,coding,gene-b3629,3804180,3805116,937
gene-b3630,waaP,222,coding,gene-b3630,3805152,3805950,799
gene-b3631,waaG,319,coding,gene-b3631,3805942,3807067,1126
gene-b3632,waaQ,290,coding,gene-b3632,3807063,3808098,1036
gene-b3633,waaA,364,coding,gene-b3633,3808539,3809817,1279
gene-b3634,coaD,117,coding,gene-b3634,3809824,3810304,481
gene-b3635,mutM,199,coding,gene-b3635,3810342,3811152,811
gene-b3636,rpmG,42,coding,gene-b3636,3811249,3811417,169
gene-b3637,rpmB,53,coding,gene-b3637,3811437,3811674,238
gene-b3638,yicR,178,coding,gene-b3638,3811890,3812559,670
gene-b3639,dfp,343,coding,gene-b3639,3812730,3813951,1222
gene-b3640,dut,119,coding,gene-b3640,3813928,3814387,460
gene-b3641,slmA,163,coding,gene-b3641,3814493,3815090,598
gene-b3642,pyrE,170,coding,gene-b3642,3815126,3815768,643
gene-b3643,rph,179,coding,gene-b3643,3815862,3816549,688
gene-b3644,yicC,212,coding,gene-b3644,3816675,3817539,865
gene-b3645,dinD,262,coding,gene-b3645,3817759,3818584,826
gene-b3646,yicG,198,coding,gene-b3646,3818873,3819491,619
gene-b3647,ligB,386,coding,gene-b3647,3819487,3821170,1684
gene-b3648,gmk,217,coding,gene-b3648,3821427,3822051,625
gene-b3649,rpoZ,73,coding,gene-b3649,3822105,3822381,277
gene-b3650,spoT,542,coding,gene-b3650,3822399,3824508,2110
gene-b3651,trmH,193,coding,gene-b3651,3824514,3825204,691
gene-b3652,recG,540,coding,gene-b3652,3825209,3827291,2083
gene-b3653,gltS,301,coding,gene-b3653,3827459,3828665,1207
gene-b3654,xanP,400,coding,gene-b3654,3828944,3830336,1393
gene-b3655,yicH,458,coding,gene-b3655,3830456,3832166,1711
gene-b3656,yicI,582,coding,gene-b3656,3832218,3834537,2320
gene-b3657,yicJ,306,coding,gene-b3657,3834546,3835929,1384
gene-b3658,selC,57,coding,gene-b3658,3836221,3836316,96
gene-b3659,setC,305,coding,gene-b3659,3836952,3838137,1186
gene-b3660,yicL,125,coding,gene-b3660,3838247,3839171,925
gene-b3661,nlpA,208,coding,gene-b3661,3839174,3839993,820
gene-b3662,nepI,254,coding,gene-b3662,3840548,3841739,1192
gene-b3663,yicN,148,coding,gene-b3663,3841949,3842402,454
gene-b3664,adeQ,301,coding,gene-b3664,3842454,3843789,1336
gene-b3665,adeD,515,coding,gene-b3665,3843963,3845730,1768
gene-b3666,uhpT,262,coding,gene-b3666,3845775,3847167,1393
gene-b3667,uhpC,317,coding,gene-b3667,3847304,3848624,1321
gene-b3668,uhpB,407,coding,gene-b3668,3848633,3850136,1504
gene-b3669,uhpA,146,coding,gene-b3669,3850135,3850726,592
gene-b3670,ilvN,74,coding,gene-b3670,3850801,3851092,292
gene-b3671,ilvB,470,coding,gene-b3671,3851095,3852784,1690
gene-b3672,ivbL,25,coding,gene-b3672,3852889,3852988,100
gene-b3673,emrD,308,coding,gene-b3673,3853921,3855106,1186
gene-b3674,yidF,151,coding,gene-b3674,3855113,3855611,499
gene-b3675,yidG,92,coding,gene-b3675,3855607,3855970,364
gene-b3676,yidH,66,coding,gene-b3676,3855959,3856307,349
gene-b3677,yidI,114,coding,gene-b3677,3856414,3856864,451
gene-b3678,yidJ,386,coding,gene-b3678,3856910,3858404,1495
gene-b3679,yidK,416,coding,gene-b3679,3858400,3860116,1717
gene-b3680,yidL,258,coding,gene-b3680,3860282,3861176,895
gene-b3682,glvB,196,coding,gene-b3682,3861986,3862472,487
gene-b3683,glvC,254,coding,gene-b3683,3862496,3863603,1108
gene-b3684,yidP,235,coding,gene-b3684,3863898,3864615,718
gene-b3685,yidE,421,coding,gene-b3685,3864611,3866273,1663
gene-b3686,ibpB,128,coding,gene-b3686,3866468,3866897,430
gene-b3687,ibpA,111,coding,gene-b3687,3867008,3867422,415
gene-b3688,yidQ,115,coding,gene-b3688,3867727,3868060,334
gene-b3689,yidR,358,coding,gene-b3689,3868061,3869309,1249
gene-b3690,cbrA,329,coding,gene-b3690,3869376,3870441,1066
gene-b3691,dgoT,303,coding,gene-b3691,3870437,3871730,1294
gene-b3693,dgoK,228,coding,gene-b3693,3873595,3874474,880
gene-b3696,yidX,187,coding,gene-b3696,3875437,3876094,658
gene-b3697,yidA,189,coding,gene-b3697,3876139,3876952,814
gene-b3698,yidB,104,coding,gene-b3698,3877066,3877465,400
gene-b3699,gyrB,703,coding,gene-b3699,3877704,3880119,2416
gene-b3700,recF,289,coding,gene-b3700,3880147,3881221,1075
gene-b3701,dnaN,271,coding,gene-b3701,3881220,3882321,1102
gene-b3702,dnaA,413,coding,gene-b3702,3882325,3883729,1405
gene-b3703,rpmH,51,coding,gene-b3703,3884335,3884476,142
gene-b3704,rnpA,79,coding,gene-b3704,3884492,3884852,361
gene-b3705,yidC,436,coding,gene-b3705,3885075,3886722,1648
gene-b3706,mnmE,361,coding,gene-b3706,3886827,3888192,1366
gene-b3707,tnaC,58,coding,gene-b3707,3888434,3888509,76
gene-b3708,tnaA,412,coding,gene-b3708,3888729,3890145,1417
gene-b3709,tnaB,295,coding,gene-b3709,3890235,3891483,1249
gene-b3710,mdtL,261,coding,gene-b3710,3891614,3892790,1177
gene-b3711,yidZ,245,coding,gene-b3711,3892764,3893724,961
gene-b3712,yieE,216,coding,gene-b3712,3893880,3894630,751
gene-b3713,yieF,155,coding,gene-b3713,3894651,3895218,568
gene-b3714,adeP,320,coding,gene-b3714,3895271,3896609,1339
gene-b3715,yieH,186,coding,gene-b3715,3896773,3897439,667
gene-b3716,cbrB,117,coding,gene-b3716,3897505,3897973,469
gene-b3717,cbrC,117,coding,gene-b3717,3898021,3898609,589
gene-b3718,yieK,184,coding,gene-b3718,3898670,3899393,724
gene-b3719,yieL,327,coding,gene-b3719,3899407,3900577,1171
gene-b3720,bglH,432,coding,gene-b3720,3900603,3902220,1618
gene-b3721,bglB,364,coding,gene-b3721,3902288,3903701,1414
gene-b3722,bglF,465,coding,gene-b3722,3903719,3905597,1879
gene-b3723,bglG,241,coding,gene-b3723,3905730,3906567,838
gene-b3724,phoU,253,coding,gene-b3724,3906852,3907578,727
gene-b3725,pstB,204,coding,gene-b3725,3907592,3908366,775
gene-b3726,pstA,240,coding,gene-b3726,3908548,3909439,892
gene-b3727,pstC,227,coding,gene-b3727,3909438,3910398,961
gene-b3728,pstS,263,coding,gene-b3728,3910484,3911525,1042
gene-b3729,glmS,506,coding,gene-b3729,3911838,3913668,1831
gene-b3730,glmU,368,coding,gene-b3730,3913829,3915200,1372
gene-b3731,atpC,146,coding,gene-b3731,3915552,3915972,421
gene-b3732,atpD,366,coding,gene-b3732,3915992,3917375,1384
gene-b3733,atpG,241,coding,gene-b3733,3917401,3918265,865
gene-b3734,atpA,434,coding,gene-b3734,3918315,3919857,1543
gene-b3735,atpH,139,coding,gene-b3735,3919869,3920403,535
gene-b3736,atpF,100,coding,gene-b3736,3920417,3920888,472
gene-b3737,atpE,57,coding,gene-b3737,3920949,3921189,241
gene-b3738,atpB,197,coding,gene-b3738,3921235,3922051,817
gene-b3739,atpI,84,coding,gene-b3739,3922059,3922440,382
gene-b3740,rsmG,214,coding,gene-b3740,3923056,3923680,625
gene-b3741,mnmG,496,coding,gene-b3741,3923743,3925633,1891
gene-b3742,mioC,169,coding,gene-b3742,3926011,3926455,445
gene-b3743,asnC,122,coding,gene-b3743,3926544,3927003,460
gene-b3744,asnA,283,coding,gene-b3744,3927154,3928147,994
gene-b3745,viaA,374,coding,gene-b3745,3928151,3929603,1453
gene-b3746,ravA,380,coding,gene-b3746,3929596,3931093,1498
gene-b3747,kup,472,coding,gene-b3747,3931315,3933184,1870
gene-b3748,rbsD,114,coding,gene-b3748,3933350,3933770,421
gene-b3749,rbsA,401,coding,gene-b3749,3933777,3935283,1507
gene-b3750,rbsC,213,coding,gene-b3750,3935287,3936253,967
gene-b3751,rbsB,184,coding,gene-b3751,3936277,3937168,892
gene-b3752,rbsK,222,coding,gene-b3752,3937293,3938223,931
gene-b3753,rbsR,236,coding,gene-b3753,3938226,3939219,994
gene-b3754,hsrA,343,coding,gene-b3754,3939184,3940612,1429
gene-b3755,yieP,184,coding,gene-b3755,3940634,3941327,694
gene-b3756,rrsC,462,coding,gene-b3756,3941807,3943349,1543
gene-b3757,gltU,30,coding,gene-b3757,3943434,3943510,77
gene-b3758,rrlC,710,coding,gene-b3758,3943703,3946607,2905
gene-b3759,rrfC,40,coding,gene-b3759,3946699,3946819,121
gene-b3760,aspT,20,coding,gene-b3760,3946871,3946948,78
gene-b3761,trpT,20,coding,gene-b3761,3946956,3947032,77
gene-b3764,maoP,104,coding,gene-b3764,3948085,3948424,340
gene-b3765,yifB,388,coding,gene-b3765,3948448,3949969,1522
gene-b3766,ilvL,113,coding,gene-b3766,3950321,3950420,100
gene-b3769,ilvM,119,coding,gene-b3769,3952200,3952464,265
gene-b3770,ilvE,225,coding,gene-b3770,3952483,3953413,931
gene-b3771,ilvD,522,coding,gene-b3771,3953477,3955328,1852
gene-b3772,ilvA,435,coding,gene-b3772,3955330,3956875,1546
gene-b3773,ilvY,254,coding,gene-b3773,3956926,3957820,895
gene-b3774,ilvC,380,coding,gene-b3774,3957969,3959445,1477
gene-b3775,ppiC,81,coding,gene-b3775,3959531,3959813,283
gene-b3778,rep,543,coding,gene-b3778,3960676,3962698,2023
gene-b3779,gpp,411,coding,gene-b3779,3962744,3964229,1486
gene-b3780,rhlB,340,coding,gene-b3780,3964364,3965630,1267
gene-b3781,trxA,102,coding,gene-b3781,3965760,3966090,331
gene-b3782,rhoL,45,coding,gene-b3782,3966230,3966332,103
gene-b3783,rho,326,coding,gene-b3783,3966416,3967676,1261
gene-b3784,rfe,313,coding,gene-b3784,3967915,3969019,1105
gene-b3785,wzzE,270,coding,gene-b3785,3969030,3970077,1048
gene-b3786,wecB,328,coding,gene-b3786,3970132,3971263,1132
gene-b3787,wecC,320,coding,gene-b3787,3971259,3972522,1264
gene-b3788,rffG,286,coding,gene-b3788,3972521,3973589,1069
gene-b3789,rffH,210,coding,gene-b3789,3973607,3974489,883
gene-b3790,rffC,173,coding,gene-b3790,3974466,3975141,676
gene-b3791,wecE,315,coding,gene-b3791,3975145,3976276,1132
gene-b3792,wzxE,279,coding,gene-b3792,3976277,3977528,1252
gene-b3793,wzyE,262,coding,gene-b3793,3978600,3979953,1354
gene-b3794,rffM,196,coding,gene-b3794,3979955,3980696,742
gene-b3795,yifK,389,coding,gene-b3795,3980886,3982272,1387
gene-b3796,argX,41,coding,gene-b3796,3982374,3982451,78
gene-b3797,hisR,23,coding,gene-b3797,3982508,3982585,78
gene-b3798,leuT,30,coding,gene-b3798,3982605,3982692,88
gene-b3799,proM,32,coding,gene-b3799,3982734,3982811,78
gene-b3800,aslB,320,coding,gene-b3800,3982957,3984193,1237
gene-b3801,aslA,417,coding,gene-b3801,3984351,3986007,1657
gene-b3802,hemY,317,coding,gene-b3802,3986685,3987882,1198
gene-b3803,hemX,303,coding,gene-b3803,3987884,3989066,1183
gene-b3804,hemD,206,coding,gene-b3804,3989087,3989828,742
gene-b3805,hemC,269,coding,gene-b3805,3989824,3990766,943
gene-b3806,cyaA,737,coding,gene-b3806,3991152,3993699,2548
gene-b3807,cyaY,33,coding,gene-b3807,3993738,3994059,322
gene-b3808,yzcX,62,coding,gene-b3808,3993849,3994335,487
gene-b3809,dapF,243,coding,gene-b3809,3994761,3995586,826
gene-b3810,yigA,195,coding,gene-b3810,3995582,3996290,709
gene-b3811,xerC,224,coding,gene-b3811,3996286,3997183,898
gene-b3812,yigB,174,coding,gene-b3812,3997182,3997899,718
gene-b3813,uvrD,594,coding,gene-b3813,3997982,4000145,2164
gene-b3816,corA,234,coding,gene-b3816,4001425,4002376,952
gene-b3817,yigF,114,coding,gene-b3817,4002418,4002799,382
gene-b3818,yigG,120,coding,gene-b3818,4002812,4003193,382
gene-b3819,rarD,219,coding,gene-b3819,4003287,4004178,892
gene-b3820,yigI,134,coding,gene-b3820,4004229,4004697,469
gene-b3821,pldA,218,coding,gene-b3821,4004861,4005731,871
gene-b3822,recQ,500,coding,gene-b3822,4005863,4007693,1831
gene-b3823,rhtC,146,coding,gene-b3823,4007756,4008377,622
gene-b3824,rhtB,149,coding,gene-b3824,4008438,4009059,622
gene-b3825,pldB,279,coding,gene-b3825,4009169,4010192,1024
gene-b3826,yigL,215,coding,gene-b3826,4010199,4011000,802
gene-b3827,bioP,193,coding,gene-b3827,4011075,4011975,901
gene-b3828,metR,239,coding,gene-b3828,4011862,4012816,955
gene-b3829,metE,617,coding,gene-b3829,4013052,4015314,2263
gene-b3830,ysgA,217,coding,gene-b3830,4015353,4016169,817
gene-b3831,udp,225,coding,gene-b3831,4016430,4017192,763
gene-b3832,rmuC,359,coding,gene-b3832,4017332,4018760,1429
gene-b3833,ubiE,236,coding,gene-b3833,4018854,4019610,757
gene-b3834,ubiJ,95,coding,gene-b3834,4019623,4020229,607
gene-b3835,ubiB,405,coding,gene-b3835,4020225,4021866,1642
gene-b3836,tatA,64,coding,gene-b3836,4021944,4022214,271
gene-b3838,tatB,132,coding,gene-b3838,4022217,4022733,517
gene-b3839,tatC,165,coding,gene-b3839,4022735,4023512,778
gene-b3842,rfaH,141,coding,gene-b3842,4024332,4024821,490
gene-b3843,ubiD,421,coding,gene-b3843,4024987,4026481,1495
gene-b3844,fre,173,coding,gene-b3844,4026526,4027228,703
gene-b3845,fadA,414,coding,gene-b3845,4027608,4028772,1165
gene-b3846,fadB,575,coding,gene-b3846,4028781,4030971,2191
gene-b3847,pepQ,363,coding,gene-b3847,4031160,4032492,1333
gene-b3848,yigZ,176,coding,gene-b3848,4032491,4033106,616
gene-b3849,trkH,320,coding,gene-b3849,4033144,4034596,1453
gene-b3850,hemG,147,coding,gene-b3850,4034607,4035153,547
gene-b3851,rrsA,461,coding,gene-b3851,4035530,4037072,1543
gene-b3852,ileT,28,coding,gene-b3852,4037140,4037217,78
gene-b3853,alaT,27,coding,gene-b3853,4037259,4037335,77
gene-b3854,rrlA,702,coding,gene-b3854,4037518,4040423,2906
gene-b3855,rrfA,35,coding,gene-b3855,4040516,4040636,121
gene-b3856,mobB,161,coding,gene-b3856,4040905,4041433,529
gene-b3857,mobA,128,coding,gene-b3857,4041414,4041999,586
gene-b3858,yihD,87,coding,gene-b3858,4042068,4042338,271
gene-b3859,srkA,243,coding,gene-b3859,4042414,4043401,988
gene-b3860,dsbA,162,coding,gene-b3860,4043417,4044044,628
gene-b3861,yihF,451,coding,gene-b3861,4044198,4045629,1432
gene-b3862,yihG,237,coding,gene-b3862,4045669,4046602,934
gene-b3863,polA,795,coding,gene-b3863,4046965,4049752,2788
gene-b3864,spf,56,coding,gene-b3864,4049898,4050009,112
gene-b3865,yihA,156,coding,gene-b3865,4050132,4050765,634
gene-b3866,yihI,108,coding,gene-b3866,4051346,4051856,511
gene-b3867,hemN,373,coding,gene-b3867,4052044,4053418,1375
gene-b3868,glnG,425,coding,gene-b3868,4053868,4055278,1411
gene-b3869,glnL,297,coding,gene-b3869,4055289,4056339,1051
gene-b3870,glnA,422,coding,gene-b3870,4056624,4058034,1411
gene-b3871,bipA,513,coding,gene-b3871,4058406,4060230,1825
gene-b3872,yihL,221,coding,gene-b3872,4060446,4061157,712
gene-b3873,yihM,254,coding,gene-b3873,4061164,4062145,982
gene-b3874,yihN,291,coding,gene-b3874,4062246,4063512,1267
gene-b3875,ompL,186,coding,gene-b3875,4063602,4064295,694
gene-b3876,yihO,365,coding,gene-b3876,4064362,4065766,1405
gene-b3877,yihP,332,coding,gene-b3877,4065808,4067194,1387
gene-b3878,yihQ,513,coding,gene-b3878,4067239,4069276,2038
gene-b3879,yihR,286,coding,gene-b3879,4069474,4070401,928
gene-b3880,yihS,365,coding,gene-b3880,4070514,4071756,1243
gene-b3881,yihT,275,coding,gene-b3881,4071772,4072651,880
gene-b3882,yihU,267,coding,gene-b3882,4072674,4073571,898
gene-b3883,yihV,255,coding,gene-b3883,4073738,4074635,898
gene-b3884,csqR,204,coding,gene-b3884,4074668,4075454,787
gene-b3885,yihX,159,coding,gene-b3885,4075552,4076152,601
gene-b3886,yihY,182,coding,gene-b3886,4076145,4077018,874
gene-b3887,dtd,110,coding,gene-b3887,4077014,4077452,439
gene-b3888,fabY,244,coding,gene-b3888,4077448,4078438,991
gene-b3889,yiiE,113,coding,gene-b3889,4079290,4079509,220
gene-b3890,yiiF,96,coding,gene-b3890,4079750,4079969,220
gene-b3891,fdhE,288,coding,gene-b3891,4080298,4081228,931
gene-b3892,fdoI,149,coding,gene-b3892,4081224,4081860,637
gene-b3893,fdoH,258,coding,gene-b3893,4081856,4082759,904
gene-b3894,fdoG,834,coding,gene-b3894,4082771,4085822,3052
gene-b3895,fdhD,252,coding,gene-b3895,4086015,4086849,835
gene-b3896,yiiG,287,coding,gene-b3896,4087001,4088057,1057
gene-b3897,frvR,480,coding,gene-b3897,4088106,4089855,1750
gene-b3898,frvX,292,coding,gene-b3898,4089854,4090925,1072
gene-b3899,frvB,371,coding,gene-b3899,4090914,4092366,1453
gene-b3900,frvA,115,coding,gene-b3900,4092376,4092823,448
gene-b3901,rhaM,133,coding,gene-b3901,4093123,4093438,316
gene-b3902,rhaD,212,coding,gene-b3902,4093447,4094272,826
gene-b3903,rhaA,408,coding,gene-b3903,4094722,4095982,1261
gene-b3904,rhaB,372,coding,gene-b3904,4095978,4097448,1471
gene-b3905,rhaS,275,coding,gene-b3905,4097735,4098572,838
gene-b3906,rhaR,230,coding,gene-b3906,4098645,4099494,850
gene-b3907,rhaT,235,coding,gene-b3907,4099490,4100525,1036
gene-b3908,sodA,212,coding,gene-b3908,4100809,4101430,622
gene-b3909,kdgT,294,coding,gene-b3909,4101689,4102673,985
gene-b3910,yiiM,186,coding,gene-b3910,4102821,4103496,676
gene-b3911,cpxA,366,coding,gene-b3911,4103601,4104975,1375
gene-b3912,cpxR,169,coding,gene-b3912,4104971,4105670,700
gene-b3915,fieF,226,coding,gene-b3915,4106468,4107371,904
gene-b3916,pfkA,237,coding,gene-b3916,4107551,4108514,964
gene-b3917,sbp,257,coding,gene-b3917,4108833,4109823,991
gene-b3918,cdh,214,coding,gene-b3918,4109929,4110685,757
gene-b3919,tpiA,211,coding,gene-b3919,4110739,4111507,769
gene-b3920,yiiQ,143,coding,gene-b3920,4111614,4112214,601
gene-b3921,yiiR,112,coding,gene-b3921,4112314,4112755,442
gene-b3922,yiiS,100,coding,gene-b3922,4112966,4113266,301
gene-b3923,uspD,124,coding,gene-b3923,4113292,4113721,430
gene-b3924,fpr,183,coding,gene-b3924,4113725,4114472,748
gene-b3925,glpX,291,coding,gene-b3925,4114568,4115579,1012
gene-b3926,glpK,437,coding,gene-b3926,4115713,4117222,1510
gene-b3927,glpF,185,coding,gene-b3927,4117244,4118090,847
gene-b3928,zapB,114,coding,gene-b3928,4118514,4118760,247
gene-b3929,rraA,131,coding,gene-b3929,4118844,4119330,487
gene-b3930,menA,198,coding,gene-b3930,4119422,4120349,928
gene-b3931,hslU,359,coding,gene-b3931,4120415,4121747,1333
gene-b3932,hslV,149,coding,gene-b3932,4121756,4122287,532
gene-b3933,ftsN,245,coding,gene-b3933,4122379,4123339,961
gene-b3934,cytR,290,coding,gene-b3934,4123430,4124456,1027
gene-b3935,priA,646,coding,gene-b3935,4124611,4126810,2200
gene-b3936,rpmE,72,coding,gene-b3936,4127012,4127225,214
gene-b3937,yiiX,166,coding,gene-b3937,4127285,4127894,610
gene-b3938,metJ,114,coding,gene-b3938,4128077,4128395,319
gene-b3939,metB,373,coding,gene-b3939,4128671,4129832,1162
gene-b3940,metL,660,coding,gene-b3940,4129834,4132267,2434
gene-b3941,metF,265,coding,gene-b3941,4132615,4133506,892
gene-b3942,katG,618,coding,gene-b3942,4133834,4136015,2182
gene-b3943,yijE,203,coding,gene-b3943,4136107,4137013,907
gene-b3944,yijF,146,coding,gene-b3944,4137039,4137657,619
gene-b3945,gldA,320,coding,gene-b3945,4137931,4139035,1105
gene-b3946,fsaB,170,coding,gene-b3946,4139045,4139708,664
gene-b3947,ptsA,698,coding,gene-b3947,4139719,4142221,2503
gene-b3949,frwC,291,coding,gene-b3949,4142529,4143609,1081
gene-b3950,frwB,80,coding,gene-b3950,4143623,4143944,322
gene-b3951,pflD,654,coding,gene-b3951,4143994,4146292,2299
gene-b3952,pflC,219,coding,gene-b3952,4146257,4147136,880
gene-b3953,frwD,98,coding,gene-b3953,4147137,4147479,343
gene-b3954,yijO,210,coding,gene-b3954,4147465,4148317,853
gene-b3955,eptC,478,coding,gene-b3955,4148531,4150265,1735
gene-b3956,ppc,713,coding,gene-b3956,4150446,4153098,2653
gene-b3957,argE,364,coding,gene-b3957,4153695,4154847,1153
gene-b3958,argC,275,coding,gene-b3958,4155000,4156005,1006
gene-b3959,argB,191,coding,gene-b3959,4156012,4156789,778
gene-b3960,argH,372,coding,gene-b3960,4156849,4158223,1375
gene-b3961,oxyR,237,coding,gene-b3961,4158489,4159407,919
gene-b3962,sthA,374,coding,gene-b3962,4159389,4160790,1402
gene-b3963,fabR,227,coding,gene-b3963,4161066,4161771,706
gene-b3964,yijD,68,coding,gene-b3964,4161770,4162130,361
gene-b3965,trmA,300,coding,gene-b3965,4162169,4163270,1102
gene-b3966,btuB,468,coding,gene-b3966,4163638,4165483,1846
gene-b3967,murI,222,coding,gene-b3967,4165427,4166285,859
gene-b3968,rrsB,442,coding,gene-b3968,4166658,4168200,1543
gene-b3969,gltT,39,coding,gene-b3969,4168371,4168447,77
gene-b3970,rrlB,707,coding,gene-b3970,4168640,4171544,2905
gene-b3971,rrfB,36,coding,gene-b3971,4171636,4171756,121
gene-b3972,murB,301,coding,gene-b3972,4172056,4173085,1030
gene-b3973,birA,241,coding,gene-b3973,4173081,4174047,967
gene-b3974,coaA,239,coding,gene-b3974,4174075,4175026,952
gene-b3976,thrU,65,coding,gene-b3976,4175387,4175463,77
gene-b3977,tyrU,43,coding,gene-b3977,4175471,4175556,86
gene-b3978,glyT,27,coding,gene-b3978,4175672,4175747,76
gene-b3979,thrT,15,coding,gene-b3979,4175753,4175829,77
gene-b3980,tufB,338,coding,gene-b3980,4175943,4177128,1186
gene-b3981,secE,109,coding,gene-b3981,4177357,4177741,385
gene-b3982,nusG,140,coding,gene-b3982,4177742,4178288,547
gene-b3983,rplK,124,coding,gene-b3983,4178446,4178875,430
gene-b3984,rplA,193,coding,gene-b3984,4178878,4179583,706
gene-b3985,rplJ,168,coding,gene-b3985,4179995,4180493,499
gene-b3986,rplL,106,coding,gene-b3986,4180559,4180925,367
gene-b3987,rpoB,1120,coding,gene-b3987,4181244,4185273,4030
gene-b3988,rpoC,1177,coding,gene-b3988,4185349,4189573,4225
gene-b3989,yjaZ,159,coding,gene-b3989,4189785,4190325,541
gene-b3990,thiH,305,coding,gene-b3990,4190734,4191868,1135
gene-b3991,thiG,215,coding,gene-b3991,4191864,4192635,772
gene-b3992,thiF,215,coding,gene-b3992,4192820,4193576,757
gene-b3993,thiE,185,coding,gene-b3993,4193568,4194204,637
gene-b3994,thiC,517,coding,gene-b3994,4194203,4196099,1897
gene-b3995,rsd,157,coding,gene-b3995,4196331,4196808,478
gene-b3996,nudC,192,coding,gene-b3996,4196902,4197676,775
gene-b3997,hemE,294,coding,gene-b3997,4197715,4198780,1066
gene-b3998,nfi,180,coding,gene-b3998,4198789,4199461,673
gene-b3999,yjaG,169,coding,gene-b3999,4199503,4200094,592
gene-b4000,hupA,102,coding,gene-b4000,4200280,4200553,274
gene-b4001,yjaH,179,coding,gene-b4001,4200565,4201261,697
gene-b4002,zraP,92,coding,gene-b4002,4201262,4201688,427
gene-b4003,zraS,387,coding,gene-b4003,4201925,4203323,1399
gene-b4004,zraR,339,coding,gene-b4004,4203319,4204645,1327
gene-b4005,purD,381,coding,gene-b4005,4204641,4205931,1291
gene-b4006,purH,419,coding,gene-b4006,4205942,4207532,1591
gene-b4007,rrsE,464,coding,gene-b4007,4208146,4209688,1543
gene-b4008,gltV,31,coding,gene-b4008,4209773,4209849,77
gene-b4009,rrlE,705,coding,gene-b4009,4210042,4212946,2905
gene-b4010,rrfE,36,coding,gene-b4010,4213039,4213159,121
gene-b4011,yjaA,119,coding,gene-b4011,4213233,4213617,385
gene-b4012,yjaB,94,coding,gene-b4012,4213679,4214123,445
gene-b4013,metA,246,coding,gene-b4013,4214279,4215209,931
gene-b4014,aceB,448,coding,gene-b4014,4215477,4217079,1603
gene-b4015,aceA,351,coding,gene-b4015,4217108,4218413,1306
gene-b4016,aceK,332,coding,gene-b4016,4218595,4220332,1738
gene-b4017,arpA,655,coding,gene-b4017,4220300,4222487,2188
gene-b4018,iclR,260,coding,gene-b4018,4222803,4223628,826
gene-b4019,metH,934,coding,gene-b4019,4223827,4227511,3685
gene-b4020,yjbB,430,coding,gene-b4020,4227730,4229362,1633
gene-b4021,pepE,168,coding,gene-b4021,4229452,4230142,691
gene-b4022,rluF,265,coding,gene-b4022,4230353,4231226,874
gene-b4023,yjbD,77,coding,gene-b4023,4231358,4231631,274
gene-b4024,lysC,409,coding,gene-b4024,4231883,4233233,1351
gene-b4025,pgi,488,coding,gene-b4025,4233757,4235407,1651
gene-b4026,yjbE,135,coding,gene-b4026,4235905,4236148,244
gene-b4027,yjbF,148,coding,gene-b4027,4236261,4236900,640
gene-b4028,yjbG,216,coding,gene-b4028,4236896,4237634,739
gene-b4029,yjbH,564,coding,gene-b4029,4237633,4239730,2098
gene-b4030,psiE,113,coding,gene-b4030,4240324,4240735,412
gene-b4031,xylE,331,coding,gene-b4031,4240778,4242254,1477
gene-b4032,malG,223,coding,gene-b4032,4242625,4243516,892
gene-b4033,malF,389,coding,gene-b4033,4243530,4245075,1546
gene-b4034,malE,301,coding,gene-b4034,4245228,4246419,1192
gene-b4035,malK,347,coding,gene-b4035,4246783,4247899,1117
gene-b4036,lamB,331,coding,gene-b4036,4247970,4249311,1342
gene-b4037,malM,275,coding,gene-b4037,4249553,4250474,922
gene-b4039,ubiC,150,coding,gene-b4039,4252505,4253003,499
gene-b4040,ubiA,215,coding,gene-b4040,4253015,4253888,874
gene-b4041,plsB,686,coding,gene-b4041,4254042,4256466,2425
gene-b4042,dgkA,108,coding,gene-b4042,4256636,4257005,370
gene-b4043,lexA,203,coding,gene-b4043,4257114,4257723,610
gene-b4044,dinF,327,coding,gene-b4044,4257741,4259121,1381
gene-b4045,yjbJ,54,coding,gene-b4045,4259236,4259446,211
gene-b4046,zur,144,coding,gene-b4046,4259487,4260003,517
gene-b4047,yjbL,149,coding,gene-b4047,4260320,4260575,256
gene-b4048,yjbM,190,coding,gene-b4048,4260598,4261306,709
gene-b4049,dusA,323,coding,gene-b4049,4261668,4262706,1039
gene-b4050,pspG,70,coding,gene-b4050,4262839,4263082,244
gene-b4051,qorA,258,coding,gene-b4051,4263247,4264231,985
gene-b4052,dnaB,370,coding,gene-b4052,4264313,4265729,1417
gene-b4053,alr,287,coding,gene-b4053,4265781,4266861,1081
gene-b4054,tyrB,333,coding,gene-b4054,4267113,4268307,1195
gene-b4055,aphA,271,coding,gene-b4055,4269413,4270127,715
gene-b4056,yjbQ,104,coding,gene-b4056,4270237,4270654,418
gene-b4057,yjbR,96,coding,gene-b4057,4270657,4271014,358
gene-b4058,uvrA,793,coding,gene-b4058,4271048,4273871,2824
gene-b4059,ssb,160,coding,gene-b4059,4274124,4274661,538
gene-b4060,yjcB,68,coding,gene-b4060,4274759,4275041,283
gene-b4061,pdeC,482,coding,gene-b4061,4275470,4277057,1588
gene-b4062,soxS,78,coding,gene-b4062,4277059,4277383,325
gene-b4063,soxR,119,coding,gene-b4063,4277468,4277933,466
gene-b4064,ghxP,352,coding,gene-b4064,4278478,4279828,1351
gene-b4065,yjcE,434,coding,gene-b4065,4279979,4281629,1651
gene-b4066,yjcF,477,coding,gene-b4066,4281782,4283075,1294
gene-b4067,actP,420,coding,gene-b4067,4283252,4284902,1651
gene-b4068,yjcH,82,coding,gene-b4068,4284898,4285213,316
gene-b4069,acs,570,coding,gene-b4069,4285412,4287371,1960
gene-b4070,nrfA,355,coding,gene-b4070,4287763,4289200,1438
gene-b4071,nrfB,152,coding,gene-b4071,4289244,4289811,568
gene-b4072,nrfC,199,coding,gene-b4072,4289807,4290479,673
gene-b4073,nrfD,204,coding,gene-b4073,4290475,4291432,958
gene-b4074,nrfE,380,coding,gene-b4074,4291511,4293170,1660
gene-b4075,nrfF,79,coding,gene-b4075,4293162,4293546,385
gene-b4076,nrfG,131,coding,gene-b4076,4293542,4294139,598
gene-b4077,gltP,351,coding,gene-b4077,4294480,4295794,1315
gene-b4078,yjcO,235,coding,gene-b4078,4296435,4297125,691
gene-b4079,fdhF,635,coding,gene-b4079,4297218,4299366,2149
gene-b4080,mdtP,449,coding,gene-b4080,4299563,4301030,1468
gene-b4081,mdtO,522,coding,gene-b4081,4301026,4303078,2053
gene-b4082,mdtN,266,coding,gene-b4082,4303077,4304109,1033
gene-b4083,yjcS,543,coding,gene-b4083,4304611,4306597,1987
gene-b4084,alsK,279,coding,gene-b4084,4306869,4307799,931
gene-b4085,alsE,168,coding,gene-b4085,4307782,4308478,697
gene-b4086,alsC,242,coding,gene-b4086,4308488,4309469,982
gene-b4087,alsA,396,coding,gene-b4087,4309447,4310980,1534
gene-b4088,alsB,232,coding,gene-b4088,4311106,4312042,937
gene-b4089,alsR,245,coding,gene-b4089,4312100,4312991,892
gene-b4090,rpiB,145,coding,gene-b4090,4313349,4313799,451
gene-b4092,phnP,270,coding,gene-b4092,4314343,4315102,760
gene-b4093,phnO,132,coding,gene-b4093,4315103,4315538,436
gene-b4094,phnN,162,coding,gene-b4094,4315524,4316082,559
gene-b4095,phnM,369,coding,gene-b4095,4316081,4317218,1138
gene-b4096,phnL,201,coding,gene-b4096,4317214,4317895,682
gene-b4097,phnK,230,coding,gene-b4097,4318005,4318764,760
gene-b4098,phnJ,239,coding,gene-b4098,4318760,4319606,847
gene-b4099,phnI,292,coding,gene-b4099,4319598,4320663,1066
gene-b4100,phnH,168,coding,gene-b4100,4320662,4321247,586
gene-b4101,phnG,134,coding,gene-b4101,4321243,4321696,454
gene-b4102,phnF,223,coding,gene-b4102,4321696,4322422,727
gene-b4105,phnD,301,coding,gene-b4105,4323335,4324352,1018
gene-b4106,phnC,240,coding,gene-b4106,4324376,4325165,790
gene-b4107,yjdN,117,coding,gene-b4107,4325297,4325741,445
gene-b4108,yjdM,142,coding,gene-b4108,4326398,4326734,337
gene-b4109,rdcA,656,coding,gene-b4109,4327134,4329363,2230
gene-b4110,rdcB,239,coding,gene-b4110,4329359,4330238,880
gene-b4111,proP,400,coding,gene-b4111,4330501,4332004,1504
gene-b4112,basS,276,coding,gene-b4112,4332180,4333272,1093
gene-b4113,basR,146,coding,gene-b4113,4333281,4333950,670
gene-b4114,eptA,409,coding,gene-b4114,4333946,4335590,1645
gene-b4115,adiC,340,coding,gene-b4115,4335693,4337031,1339
gene-b4116,adiY,224,coding,gene-b4116,4337167,4337929,763
gene-b4117,adiA,653,coding,gene-b4117,4338253,4340521,2269
gene-b4118,melR,290,coding,gene-b4118,4340719,4341628,910
gene-b4119,melA,372,coding,gene-b4119,4341910,4343266,1357
gene-b4120,melB,320,coding,gene-b4120,4343368,4344790,1423
gene-b4121,yjdF,148,coding,gene-b4121,4344928,4345558,631
gene-b4122,fumB,421,coding,gene-b4122,4345679,4347326,1648
gene-b4123,dcuB,330,coding,gene-b4123,4347403,4348744,1342
gene-b4124,dcuR,251,coding,gene-b4124,4349314,4350034,721
gene-b4125,dcuS,441,coding,gene-b4125,4350030,4351662,1633
gene-b4126,yjdI,72,coding,gene-b4126,4351842,4352073,232
gene-b4127,yjdJ,73,coding,gene-b4127,4352084,4352357,274
gene-b4128,ghoS,103,coding,gene-b4128,4352583,4352880,298
gene-b4129,lysU,409,coding,gene-b4129,4353199,4354717,1519
gene-b4130,dtpC,445,coding,gene-b4130,4354953,4356411,1459
gene-b4131,cadA,553,coding,gene-b4131,4356469,4358617,2149
gene-b4132,cadB,302,coding,gene-b4132,4358696,4360031,1336
gene-b4133,cadC,459,coding,gene-b4133,4360395,4361934,1540
gene-b4134,pheU,58,coding,gene-b4134,4362550,4362626,77
gene-b4135,yjdC,150,coding,gene-b4135,4362732,4363308,577
gene-b4136,dsbD,437,coding,gene-b4136,4363344,4365042,1699
gene-b4137,cutA,77,coding,gene-b4137,4365017,4365356,340
gene-b4138,dcuA,310,coding,gene-b4138,4365471,4366773,1303
gene-b4139,aspA,364,coding,gene-b4139,4366890,4368327,1438
gene-b4140,fxsA,160,coding,gene-b4140,4368663,4369140,478
gene-b4141,yjeH,281,coding,gene-b4141,4369155,4370412,1258
gene-b4142,groS,108,coding,gene-b4142,4370687,4370981,295
gene-b4143,groL,407,coding,gene-b4143,4371024,4372671,1648
gene-b4144,yjeI,123,coding,gene-b4144,4372808,4373162,355
gene-b4145,yjeJ,255,coding,gene-b4145,4373364,4374234,871
gene-b4146,epmB,329,coding,gene-b4146,4374628,4375657,1030
gene-b4147,efp,150,coding,gene-b4147,4375698,4376265,568
gene-b4148,gdx,83,coding,gene-b4148,4376874,4377192,319
gene-b4149,blc,141,coding,gene-b4149,4377188,4377722,535
gene-b4150,ampC,274,coding,gene-b4150,4377810,4378944,1135
gene-b4151,frdD,84,coding,gene-b4151,4379006,4379366,361
gene-b4152,frdC,109,coding,gene-b4152,4379376,4379772,397
gene-b4153,frdB,179,coding,gene-b4153,4379782,4380517,736
gene-b4154,frdA,468,coding,gene-b4154,4380509,4382318,1810
gene-b4155,epmA,288,coding,gene-b4155,4382642,4383620,979
gene-b4156,yjeM,380,coding,gene-b4156,4383838,4385341,1504
gene-b4157,yjeN,78,coding,gene-b4157,4385392,4385707,316
gene-b4158,yjeO,70,coding,gene-b4158,4385703,4386018,316
gene-b4159,mscM,880,coding,gene-b4159,4386046,4389370,3325
gene-b4160,psd,249,coding,gene-b4160,4389391,4390360,970
gene-b4161,rsgA,284,coding,gene-b4161,4390456,4391509,1054
gene-b4162,orn,153,coding,gene-b4162,4391603,4392149,547
gene-b4163,glyV,55,coding,gene-b4163,4392359,4392435,77
gene-b4164,glyX,21,coding,gene-b4164,4392471,4392547,77
gene-b4165,glyY,16,coding,gene-b4165,4392582,4392658,77
gene-b4166,queG,268,coding,gene-b4166,4392927,4394067,1141
gene-b4167,nnr,402,coding,gene-b4167,4394065,4395613,1549
gene-b4168,tsaE,117,coding,gene-b4168,4395584,4396046,463
gene-b4169,amiB,387,coding,gene-b4169,4396064,4397402,1339
gene-b4170,mutL,543,coding,gene-b4170,4397411,4399259,1849
gene-b4171,miaA,248,coding,gene-b4171,4399251,4400202,952
gene-b4172,hfq,86,coding,gene-b4172,4400287,4400596,310
gene-b4173,hflX,331,coding,gene-b4173,4400671,4401952,1282
gene-b4174,hflK,351,coding,gene-b4174,4402037,4403297,1261
gene-b4175,hflC,276,coding,gene-b4175,4403299,4404304,1006
gene-b4176,yjeT,40,coding,gene-b4176,4404385,4404583,199
gene-b4177,purA,373,coding,gene-b4177,4404686,4405985,1300
gene-b4178,nsrR,138,coding,gene-b4178,4406189,4406615,427
gene-b4179,rnr,663,coding,gene-b4179,4406653,4409095,2443
gene-b4180,rlmB,242,coding,gene-b4180,4409274,4410006,733
gene-b4181,yjfI,169,coding,gene-b4181,4410132,4410534,403
gene-b4182,yjfJ,172,coding,gene-b4182,4410552,4411251,700
gene-b4183,yjfK,173,coding,gene-b4183,4411301,4411961,661
gene-b4184,yjfL,80,coding,gene-b4184,4411978,4412377,400
gene-b4185,yjfM,166,coding,gene-b4185,4412386,4413025,640
gene-b4186,yjfC,279,coding,gene-b4186,4413027,4414191,1165
gene-b4187,aidB,440,coding,gene-b4187,4414274,4415900,1627
gene-b4188,yjfN,91,coding,gene-b4188,4416016,4416292,277
gene-b4189,bsmA,88,coding,gene-b4189,4416440,4416770,331
gene-b4190,yjfP,221,coding,gene-b4190,4416951,4417701,751
gene-b4191,ulaR,176,coding,gene-b4191,4417697,4418453,757
gene-b4192,ulaG,255,coding,gene-b4192,4418560,4419625,1066
gene-b4193,ulaA,407,coding,gene-b4193,4419979,4421377,1399
gene-b4194,ulaB,88,coding,gene-b4194,4421392,4421698,307
gene-b4195,ulaC,123,coding,gene-b4195,4421707,4422172,466
gene-b4196,ulaD,170,coding,gene-b4196,4422185,4422836,652
gene-b4197,ulaE,223,coding,gene-b4197,4422845,4423700,856
gene-b4198,ulaF,171,coding,gene-b4198,4423699,4424386,688
gene-b4199,yjfY,84,coding,gene-b4199,4424515,4424791,277
gene-b4200,rpsF,146,coding,gene-b4200,4425117,4425513,397
gene-b4201,priB,82,coding,gene-b4201,4425519,4425834,316
gene-b4202,rpsR,52,coding,gene-b4202,4425838,4426066,229
gene-b4203,rplI,130,coding,gene-b4203,4426107,4426557,451
gene-b4204,yjfZ,208,coding,gene-b4204,4426627,4427422,796
gene-b4206,ytfB,196,coding,gene-b4206,4428078,4428717,640
gene-b4207,fklB,193,coding,gene-b4207,4428934,4429555,622
gene-b4208,cycA,355,coding,gene-b4208,4429863,4431276,1414
gene-b4209,ytfE,174,coding,gene-b4209,4431320,4431983,664
gene-b4210,ytfF,245,coding,gene-b4210,4432090,4433056,967
gene-b4211,qorB,249,coding,gene-b4211,4433163,4434024,862
gene-b4212,ytfH,114,coding,gene-b4212,4434112,4434493,382
gene-b4213,cpdB,492,coding,gene-b4213,4434621,4436565,1945
gene-b4214,cysQ,231,coding,gene-b4214,4436754,4437495,742
gene-b4215,ytfI,310,coding,gene-b4215,4437706,4438645,940
gene-b4216,ytfJ,142,coding,gene-b4216,4438707,4439262,556
gene-b4217,ytfK,91,coding,gene-b4217,4439586,4439793,208
gene-b4218,paeA,376,coding,gene-b4218,4439871,4441215,1345
gene-b4219,msrA,190,coding,gene-b4219,4441537,4442176,640
gene-b4220,tamA,493,coding,gene-b4220,4442381,4444115,1735
gene-b4221,tamB,1012,coding,gene-b4221,4444111,4447891,3781
gene-b4222,ytfP,94,coding,gene-b4222,4447893,4448235,343
gene-b4224,chpS,80,coding,gene-b4224,4448446,4448698,253
gene-b4225,chpB,86,coding,gene-b4225,4448691,4449042,352
gene-b4226,ppa,142,coding,gene-b4226,4449121,4449652,532
gene-b4227,ytfQ,247,coding,gene-b4227,4449961,4450918,958
gene-b4230,ytfT,249,coding,gene-b4230,4452570,4453596,1027
gene-b4231,yjfF,215,coding,gene-b4231,4453582,4454578,997
gene-b4232,fbp,259,coding,gene-b4232,4454610,4455609,1000
gene-b4233,mpl,380,coding,gene-b4233,4455784,4457158,1375
gene-b4234,yjgA,165,coding,gene-b4234,4457313,4457865,553
gene-b4235,tldE,380,coding,gene-b4235,4457958,4459311,1354
gene-b4237,nrdG,163,coding,gene-b4237,4459899,4460364,466
gene-b4238,nrdD,568,coding,gene-b4238,4460521,4462660,2140
gene-b4239,treC,499,coding,gene-b4239,4463053,4464709,1657
gene-b4240,treB,344,coding,gene-b4240,4464758,4466180,1423
gene-b4241,treR,293,coding,gene-b4241,4466298,4467246,949
gene-b4242,mgtA,682,coding,gene-b4242,4467624,4470321,2698
gene-b4243,ridA,125,coding,gene-b4243,4470526,4470913,388
gene-b4244,pyrI,135,coding,gene-b4244,4470985,4471447,463
gene-b4245,pyrB,248,coding,gene-b4245,4471459,4472395,937
gene-b4246,pyrL,35,coding,gene-b4246,4472398,4472533,136
gene-b4248,yjgH,118,coding,gene-b4248,4472813,4473209,397
gene-b4249,bdcA,208,coding,gene-b4249,4473339,4474053,715
gene-b4251,bdcR,166,coding,gene-b4251,4474123,4474717,595
gene-b4252,tabA,140,coding,gene-b4252,4474861,4475314,454
gene-b4253,yjgL,654,coding,gene-b4253,4475436,4477251,1816
gene-b4254,argI,251,coding,gene-b4254,4477306,4478311,1006
gene-b4255,rraB,103,coding,gene-b4255,4478472,4478889,418
gene-b4256,yjgM,139,coding,gene-b4256,4479033,4479537,505
gene-b4257,yjgN,360,coding,gene-b4257,4479729,4480926,1198
gene-b4258,valS,773,coding,gene-b4258,4480981,4483837,2857
gene-b4259,holC,125,coding,gene-b4259,4483836,4484280,445
gene-b4260,pepA,418,coding,gene-b4260,4484439,4485951,1513
gene-b4261,lptF,290,coding,gene-b4261,4486217,4487318,1102
gene-b4262,lptG,300,coding,gene-b4262,4487317,4488400,1084
gene-b4263,yjgR,370,coding,gene-b4263,4488560,4490063,1504
gene-b4264,idnR,257,coding,gene-b4264,4490140,4491139,1000
gene-b4265,idnT,328,coding,gene-b4265,4491205,4492525,1321
gene-b4266,idnO,206,coding,gene-b4266,4492586,4493351,766
gene-b4267,idnD,249,coding,gene-b4267,4493374,4494406,1033
gene-b4268,idnK,199,coding,gene-b4268,4494622,4495186,565
gene-b4269,ahr,256,coding,gene-b4269,4495189,4496209,1021
gene-b4270,leuX,41,coding,gene-b4270,4496404,4496489,86
gene-b4272,insC6,128,coding,gene-b4272,4498271,4498637,367
gene-b4273,insD6,208,coding,gene-b4273,4498594,4499500,907
gene-b4277,yjgZ,124,coding,gene-b4277,4501259,4501589,331
gene-b4278,insG,387,coding,gene-b4278,4502102,4503431,1330
gene-b4279,nanX,394,coding,gene-b4279,4504057,4505275,1219
gene-b4280,nanY,310,coding,gene-b4280,4505286,4506405,1120
gene-b4284,insI3,335,coding,gene-b4284,4507465,4508617,1153
gene-b4287,fecE,249,coding,gene-b4287,4510689,4511457,769
gene-b4288,fecD,244,coding,gene-b4288,4511457,4512414,958
gene-b4289,fecC,276,coding,gene-b4289,4512410,4513409,1000
gene-b4290,fecB,236,coding,gene-b4290,4513405,4514308,904
gene-b4291,fecA,633,coding,gene-b4291,4514352,4516677,2326
gene-b4292,fecR,289,coding,gene-b4292,4516763,4517717,955
gene-b4293,fecI,161,coding,gene-b4293,4517713,4518235,523
gene-b4294,insA7,76,coding,gene-b4294,4518526,4518802,277
gene-b4295,yjhU,304,coding,gene-b4295,4519337,4520324,988
gene-b4296,yjhF,406,coding,gene-b4296,4520670,4522020,1351
gene-b4297,yjhG,540,coding,gene-b4297,4522126,4524094,1969
gene-b4298,yjhH,240,coding,gene-b4298,4524104,4525010,907
gene-b4299,yjhI,204,coding,gene-b4299,4525014,4525803,790
gene-b4300,sgcR,224,coding,gene-b4300,4526105,4526888,784
gene-b4301,sgcE,154,coding,gene-b4301,4526904,4527537,634
gene-b4302,sgcA,120,coding,gene-b4302,4527548,4527980,433
gene-b4303,sgcQ,220,coding,gene-b4303,4528110,4528917,808
gene-b4304,sgcC,320,coding,gene-b4304,4528929,4530243,1315
gene-b4305,sgcX,290,coding,gene-b4305,4530529,4531651,1123
gene-b4306,yjhP,283,coding,gene-b4306,4532436,4533183,748
gene-b4307,yjhQ,156,coding,gene-b4307,4533238,4533784,547
gene-b4309,nanS,242,coding,gene-b4309,4536613,4537594,982
gene-b4310,nanM,299,coding,gene-b4310,4537658,4538765,1108
gene-b4311,nanC,182,coding,gene-b4311,4538784,4539501,718
gene-b4312,fimB,218,coding,gene-b4312,4540956,4541559,604
gene-b4313,fimE,229,coding,gene-b4313,4542036,4542633,598
gene-b4314,fimA,246,coding,gene-b4314,4543114,4543663,550
gene-b4315,fimI,125,coding,gene-b4315,4543727,4544267,541
gene-b4316,fimC,205,coding,gene-b4316,4544303,4545029,727
gene-b4317,fimD,657,coding,gene-b4317,4545095,4547732,2638
gene-b4318,fimF,127,coding,gene-b4318,4547741,4548272,532
gene-b4319,fimG,126,coding,gene-b4319,4548284,4548788,505
gene-b4320,fimH,201,coding,gene-b4320,4548807,4549710,904
gene-b4321,gntP,388,coding,gene-b4321,4549952,4551296,1345
gene-b4322,uxuA,364,coding,gene-b4322,4551635,4552820,1186
gene-b4323,uxuB,390,coding,gene-b4323,4552900,4554361,1462
gene-b4324,uxuR,241,coding,gene-b4324,4554575,4555349,775
gene-b4325,yjiC,244,coding,gene-b4325,4555489,4556320,832
gene-b4326,iraD,79,coding,gene-b4326,4556992,4557385,394
gene-b4327,hypT,247,coding,gene-b4327,4557377,4558289,913
gene-b4328,iadA,337,coding,gene-b4328,4558353,4559526,1174
gene-b4329,yjiG,122,coding,gene-b4329,4559538,4560000,463
gene-b4330,yjiH,158,coding,gene-b4330,4559996,4560680,685
gene-b4331,kptA,149,coding,gene-b4331,4560929,4561484,556
gene-b4332,yjiJ,290,coding,gene-b4332,4561496,4562675,1180
gene-b4333,yjiK,212,coding,gene-b4333,4562742,4563603,862
gene-b4334,yjiL,200,coding,gene-b4334,4563921,4564689,769
gene-b4335,yjiM,280,coding,gene-b4335,4564698,4565850,1153
gene-b4336,yjiN,340,coding,gene-b4336,4565965,4567246,1282
gene-b4337,mdtM,321,coding,gene-b4337,4567286,4568519,1234
gene-b4340,yjiR,446,coding,gene-b4340,4570161,4571574,1414
gene-b4341,yjiS,51,coding,gene-b4341,4571750,4571915,166
gene-b4342,yjiT,478,coding,gene-b4342,4572413,4573931,1519
gene-b4345,mcrC,367,coding,gene-b4345,4576911,4577958,1048
gene-b4346,mcrB,363,coding,gene-b4346,4577957,4579337,1381
gene-b4347,symE,97,coding,gene-b4347,4579498,4579840,343
gene-b4348,hsdS,436,coding,gene-b4348,4580067,4581462,1396
gene-b4349,hsdM,365,coding,gene-b4349,4581458,4583048,1591
gene-b4350,hsdR,940,coding,gene-b4350,4583248,4586761,3514
gene-b4351,mrr,247,coding,gene-b4351,4586948,4587863,916
gene-b4352,yjiA,255,coding,gene-b4352,4587908,4588865,958
gene-b4353,yjiX,57,coding,gene-b4353,4588875,4589079,205
gene-b4354,btsT,526,coding,gene-b4354,4589128,4591279,2152
gene-b4355,tsr,541,coding,gene-b4355,4591656,4593312,1657
gene-b4356,lgoT,316,coding,gene-b4356,4593360,4594722,1363
gene-b4357,lgoR,302,coding,gene-b4357,4594936,4595851,916
gene-b4358,lgoD,270,coding,gene-b4358,4595989,4597012,1024
gene-b4359,opgB,602,coding,gene-b4359,4597149,4599441,2293
gene-b4360,yjjA,157,coding,gene-b4360,4599694,4600189,496
gene-b4361,dnaC,177,coding,gene-b4361,4600237,4600975,739
gene-b4362,dnaT,162,coding,gene-b4362,4600977,4601517,541
gene-b4363,yjjB,137,coding,gene-b4363,4601623,4602097,475
gene-b4364,yjjP,169,coding,gene-b4364,4602087,4602858,772
gene-b4365,yjjQ,283,coding,gene-b4365,4603476,4604202,727
gene-b4366,bglJ,154,coding,gene-b4366,4604159,4604837,679
gene-b4367,fhuF,214,coding,gene-b4367,4604874,4605663,790
gene-b4368,leuV,24,coding,gene-b4368,4606078,4606165,88
gene-b4369,leuP,22,coding,gene-b4369,4606199,4606286,88
gene-b4370,leuQ,22,coding,gene-b4370,4606314,4606401,88
gene-b4371,rsmC,336,coding,gene-b4371,4606668,4607700,1033
gene-b4372,holD,120,coding,gene-b4372,4607802,4608216,415
gene-b4373,rimI,102,coding,gene-b4373,4608184,4608631,448
gene-b4374,yjjG,185,coding,gene-b4374,4608645,4609323,679
gene-b4375,prfC,411,coding,gene-b4375,4609413,4611003,1591
gene-b4376,osmY,185,coding,gene-b4376,4611395,4612001,607
gene-b4377,yjjU,290,coding,gene-b4377,4612410,4613484,1075
gene-b4378,yjjV,203,coding,gene-b4378,4613480,4614260,781
gene-b4379,yjjW,304,coding,gene-b4379,4614679,4615543,865
gene-b4380,yjjI,412,coding,gene-b4380,4615514,4617065,1552
gene-b4381,deoC,249,coding,gene-b4381,4617322,4618102,781
gene-b4382,deoA,362,coding,gene-b4382,4618228,4619551,1324
gene-b4383,deoB,302,coding,gene-b4383,4619602,4620826,1225
gene-b4384,deoD,194,coding,gene-b4384,4620882,4621602,721
gene-b4385,yjjJ,364,coding,gene-b4385,4621768,4623100,1333
gene-b4386,lplA,256,coding,gene-b4386,4623100,4624117,1018
gene-b4387,ytjB,157,coding,gene-b4387,4624144,4624789,646
gene-b4388,serB,296,coding,gene-b4388,4624894,4625863,970
gene-b4389,radA,431,coding,gene-b4389,4625911,4627294,1384
gene-b4390,nadR,333,coding,gene-b4390,4627314,4628547,1234
gene-b4391,ettA,504,coding,gene-b4391,4628854,4630522,1669
gene-b4392,slt,535,coding,gene-b4392,4630732,4632670,1939
gene-b4393,trpR,92,coding,gene-b4393,4632759,4633086,328
gene-b4394,yjjX,149,coding,gene-b4394,4633232,4633745,514
gene-b4395,ytjC,175,coding,gene-b4395,4633796,4634444,649
gene-b4396,rob,201,coding,gene-b4396,4634440,4635310,871
gene-b4397,creA,151,coding,gene-b4397,4635520,4635994,475
gene-b4398,creB,178,coding,gene-b4398,4636006,4636696,691
gene-b4399,creC,378,coding,gene-b4399,4636695,4638120,1426
gene-b4400,creD,313,coding,gene-b4400,4638177,4639530,1354
gene-b4401,arcA,219,coding,gene-b4401,4639589,4640306,718
gene-b4402,yjjY,38,coding,gene-b4402,4640401,4640542,142
gene-b4403,yjtD,194,coding,gene-b4403,4640941,4641628,688
gene-b4406,yaeP,50,coding,gene-b4406,213924,214125,202
gene-b4407,thiS,50,coding,gene-b4407,4192636,4192837,202
gene-b4408,csrB,81,coding,gene-b4408,2924155,2924524,370
gene-b4409,blr,50,coding,gene-b4409,1704550,1704676,127
gene-b4410,ecnA,26,coding,gene-b4410,4376316,4376442,127
gene-b4411,ecnB,52,coding,gene-b4411,4376552,4376699,148
gene-b4413,sokC,7,coding,gene-b4413,16951,17010,60
gene-b4414,tff,62,coding,gene-b4414,189711,189847,137
gene-b4415,hokE,31,coding,gene-b4415,607835,607988,154
gene-b4416,rybA,56,coding,gene-b4416,852724,853064,341
gene-b4417,rybB,12,coding,gene-b4417,887978,888057,80
gene-b4418,sraB,46,coding,gene-b4418,1146588,1146757,170
gene-b4419,ldrA,51,coding,gene-b4419,1269167,1269275,109
gene-b4420,rdlA,11,coding,gene-b4420,1269322,1269389,68
gene-b4421,ldrB,75,coding,gene-b4421,1269702,1269810,109
gene-b4422,rdlB,11,coding,gene-b4422,1269857,1269923,67
gene-b4423,ldrC,71,coding,gene-b4423,1270237,1270345,109
gene-b4424,rdlC,11,coding,gene-b4424,1270392,1270460,69
gene-b4425,rttR,9,coding,gene-b4425,1287065,1287236,172
gene-b4426,mcaS,18,coding,gene-b4426,1405657,1405751,95
gene-b4427,micC,54,coding,gene-b4427,1437120,1437231,112
gene-b4428,hokB,1,coding,gene-b4428,1491921,1492071,151
gene-b4429,sokB,4,coding,gene-b4429,1492118,1492175,58
gene-b4430,rydB,48,coding,gene-b4430,1764712,1764780,69
gene-b4431,rprA,50,coding,gene-b4431,1770371,1770477,107
gene-b4432,ryeA,28,coding,gene-b4432,1923065,1923337,273
gene-b4435,isrC,89,coding,gene-b4435,2071316,2071511,196
gene-b4436,sibA,40,coding,gene-b4436,2153310,2153454,145
gene-b4437,sibB,47,coding,gene-b4437,2153645,2153781,137
gene-b4438,cyaR,22,coding,gene-b4438,2167113,2167200,88
gene-b4439,micF,62,coding,gene-b4439,2313083,2313176,94
gene-b4440,ryfA,109,coding,gene-b4440,2653854,2654158,305
gene-b4441,glmY,44,coding,gene-b4441,2691156,2691340,185
gene-b4442,micA,22,coding,gene-b4442,2814801,2814874,74
gene-b4443,gcvB,60,coding,gene-b4443,2942695,2942901,207
gene-b4444,omrA,33,coding,gene-b4444,2976101,2976189,89
gene-b4445,omrB,27,coding,gene-b4445,2976303,2976385,83
gene-b4446,sibC,14,coding,gene-b4446,3056850,3056991,142
gene-b4447,sibD,30,coding,gene-b4447,3194720,3194865,146
gene-b4449,sraG,52,coding,gene-b4449,3311182,3311398,217
gene-b4450,arcZ,40,coding,gene-b4450,3350576,3350697,122
gene-b4451,ryhB,28,coding,gene-b4451,3580921,3581016,96
gene-b4452,gadY,79,coding,gene-b4452,3664863,3664969,107
gene-b4453,ldrD,37,coding,gene-b4453,3699979,3700087,109
gene-b4454,rdlD,12,coding,gene-b4454,3700135,3700199,65
gene-b4455,hokA,25,coding,gene-b4455,3720447,3720600,154
gene-b4456,glmZ,110,coding,gene-b4456,3986431,3986603,173
gene-b4457,csrC,88,coding,gene-b4457,4051035,4051281,247
gene-b4458,oxyS,28,coding,gene-b4458,4158277,4158394,118
gene-b4459,ryjA,27,coding,gene-b4459,4277925,4278066,142
gene-b4460,araH,235,coding,gene-b4460,1982553,1983540,988
gene-b4461,yfjD,315,coding,gene-b4461,2748773,2750060,1288
gene-b4463,ygcU,397,coding,gene-b4463,2897963,2899418,1456
gene-b4464,ghxQ,318,coding,gene-b4464,3027120,3028488,1369
gene-b4465,yggP,356,coding,gene-b4465,3076178,3077456,1279
gene-b4466,yghJ,1160,coding,gene-b4466,3114549,3119112,4564
gene-b4467,glcF,341,coding,gene-b4467,3124235,3125459,1225
gene-b4468,glcE,296,coding,gene-b4468,3125469,3126522,1054
gene-b4469,ygiQ,567,coding,gene-b4469,3158926,3161146,2221
gene-b4470,cyuA,402,coding,gene-b4470,3255340,3256651,1312
gene-b4471,tdcG,462,coding,gene-b4471,3258284,3259649,1366
gene-b4472,yhdP,1051,coding,gene-b4472,3392457,3396258,3802
gene-b4473,smf,282,coding,gene-b4473,3432435,3433560,1126
gene-b4474,frlC,223,coding,gene-b4474,3502339,3503170,832
gene-b4475,rtcA,283,coding,gene-b4475,3555832,3556849,1018
gene-b4476,gntU,348,coding,gene-b4476,3575720,3577061,1342
gene-b4477,dgoA,183,coding,gene-b4477,3872994,3873612,619
gene-b4478,dgoD,333,coding,gene-b4478,3871849,3872998,1150
gene-b4479,dgoR,187,coding,gene-b4479,3874470,3875160,691
gene-b4480,hdfR,227,coding,gene-b4480,3947127,3947967,841
gene-b4481,wecF,307,coding,gene-b4481,3977524,3978604,1081
gene-b4482,yigE,209,coding,gene-b4482,4000291,4001056,766
gene-b4483,tatD,192,coding,gene-b4483,4023553,4024336,784
gene-b4484,cpxP,158,coding,gene-b4484,4105819,4106320,502
gene-b4485,ytfR,413,coding,gene-b4485,4451057,4452560,1504
gene-b4487,yjdP,73,coding,gene-b4487,4313867,4314197,331
gene-b4501,torI,57,coding,gene-b4501,2476309,2476510,202
gene-b4502,yeiW,70,coding,gene-b4502,2265040,2265295,256
gene-b4504,ykfH,66,coding,gene-b4504,264025,264247,223
gene-b4506,ykgO,32,coding,gene-b4506,312373,312514,142
gene-b4509,ylcG,21,coding,gene-b4509,573729,573870,142
gene-b4511,ybdZ,66,coding,gene-b4511,613941,614160,220
gene-b4512,ybdD,70,coding,gene-b4512,632181,632379,199
gene-b4513,kdpF,12,coding,gene-b4513,728731,728821,91
gene-b4514,ybfQ,88,coding,gene-b4514,736444,736699,256
gene-b4515,cydX,20,coding,gene-b4515,774195,774309,115
gene-b4516,insA4,59,coding,gene-b4516,1049832,1050108,277
gene-b4517,gnsA,50,coding,gene-b4517,1052066,1052240,175
gene-b4518,ymdF,76,coding,gene-b4518,1068080,1068254,175
gene-b4520,ymgF,59,coding,gene-b4520,1218982,1219201,220
gene-b4522,ymiA,78,coding,gene-b4522,1335147,1335288,142
gene-b4523,yciX,47,coding,gene-b4523,1335290,1335458,169
gene-b4525,ymjC,47,coding,gene-b4525,1390679,1390862,184
gene-b4526,ydaE,64,coding,gene-b4526,1417837,1418008,172
gene-b4527,ydaF,39,coding,gene-b4527,1419155,1419311,157
gene-b4528,rzoR,46,coding,gene-b4528,1423399,1423585,187
gene-b4529,ydbJ,70,coding,gene-b4529,1441057,1441324,268
gene-b4532,hicA,69,coding,gene-b4532,1509285,1509462,178
gene-b4533,ynfO,105,coding,gene-b4533,1636755,1636989,235
gene-b4534,ynfP,88,coding,gene-b4534,1652727,1652838,112
gene-b4535,yniD,99,coding,gene-b4535,1805164,1805272,109
gene-b4536,yobH,83,coding,gene-b4536,1908924,1909164,241
gene-b4537,yecJ,81,coding,gene-b4537,1987506,1987758,253
gene-b4538,yoeF,146,coding,gene-b4538,2078574,2078931,358
gene-b4539,yoeB,64,coding,gene-b4539,2089210,2089465,256
gene-b4541,yehK,74,coding,gene-b4541,2203971,2204289,319
gene-b4542,yohO,22,coding,gene-b4542,2215656,2215764,109
gene-b4544,arnE,77,coding,gene-b4544,2372556,2372892,337
gene-b4545,ypdJ,14,coding,gene-b4545,2476093,2476234,142
gene-b4546,ypeB,45,coding,gene-b4546,2527940,2528159,220
gene-b4547,ypfN,26,coding,gene-b4547,2592761,2592962,202
gene-b4548,ypjJ,57,coding,gene-b4548,2776876,2777077,202
gene-b4550,arfA,40,coding,gene-b4550,3438430,3438649,220
gene-b4551,yheV,61,coding,gene-b4551,3478591,3478792,202
gene-b4553,ysaB,61,coding,gene-b4553,3725412,3725712,301
gene-b4554,yibT,46,coding,gene-b4554,3776170,3776380,211
gene-b4555,yicS,85,coding,gene-b4555,3840214,3840508,295
gene-b4557,yidD,46,coding,gene-b4557,3884815,3885073,259
gene-b4558,yifL,71,coding,gene-b4558,3994521,3994725,205
gene-b4559,ghoT,45,coding,gene-b4559,4352907,4353081,175
gene-b4565,sgcB,59,coding,gene-b4565,4530254,4530533,280
gene-b4566,topAI,49,coding,gene-b4566,4533795,4534053,259
gene-b4567,yjjZ,93,coding,gene-b4567,4605803,4606040,238
gene-b4568,ytjA,48,coding,gene-b4568,4612127,4612289,163
gene-b4572,ylbE,348,coding,gene-b4572,548356,549616,1261
gene-b4577,sgrS,17,coding,gene-b4577,77366,77593,228
gene-b4585,chiX,30,coding,gene-b4585,507203,507287,85
gene-b4586,ykfM,190,coding,gene-b4586,238256,238736,481
gene-b4588,ylcH,29,coding,gene-b4588,572367,572469,103
gene-b4589,ylcI,68,coding,gene-b4589,580250,580445,196
gene-b4592,appX,10,coding,gene-b4592,1040444,1040537,94
gene-b4593,ymgI,42,coding,gene-b4593,1222989,1223163,175
gene-b4594,ymgJ,64,coding,gene-b4594,1223263,1223449,187
gene-b4595,yciY,58,coding,gene-b4595,1308787,1308961,175
gene-b4596,yciZ,51,coding,gene-b4596,1344435,1344609,175
gene-b4597,rydC,9,coding,gene-b4597,1491441,1491506,66
gene-b4598,yncL,28,coding,gene-b4598,1517098,1517194,97
gene-b4599,mgtS,20,coding,gene-b4599,1622645,1622741,97
gene-b4601,ydgU,23,coding,gene-b4601,1671776,1671860,85
gene-b4602,cydH,49,coding,gene-b4602,1737455,1737545,91
gene-b4603,rseX,54,coding,gene-b4603,2033648,2033739,92
gene-b4604,yojO,68,coding,gene-b4604,2303605,2303770,166
gene-b4605,ypaB,111,coding,gene-b4605,2344593,2344737,145
gene-b4606,ypfM,18,coding,gene-b4606,2590806,2590866,61
gene-b4608,ohsC,64,coding,gene-b4608,2700519,2700598,80
gene-b4609,ryfD,38,coding,gene-b4609,2734152,2734295,144
gene-b4610,ygdT,92,coding,gene-b4610,2969329,2969476,148
gene-b4611,sibE,41,coding,gene-b4611,3195096,3195240,145
gene-b4612,yrhD,89,coding,gene-b4612,3584403,3584559,157
gene-b4613,dinQ,22,coding,gene-b4613,3647704,3647788,85
gene-b4615,yibV,142,coding,gene-b4615,3769344,3769680,337
gene-b4616,istR,66,coding,gene-b4616,3853117,3853257,141
gene-b4618,tisB,83,coding,gene-b4618,3853552,3853642,91
gene-b4620,yjbT,63,coding,gene-b4620,4239776,4240055,280
gene-b4621,yjbS,140,coding,gene-b4621,4268808,4269012,205
gene-b4622,ytcA,56,coding,gene-b4622,4304127,4304403,277
gene-b4624,ryjB,21,coding,gene-b4624,4527976,4528066,91
gene-b4625,symR,19,coding,gene-b4625,4579834,4579911,78
gene-b4637,uof,22,coding,gene-b4637,710638,710725,88
gene-b4655,ythA,45,coding,gene-b4655,4506447,4506573,127
gene-b4663,azuC,27,coding,gene-b4663,1987872,1987959,88
gene-b4669,ilvX,25,coding,gene-b4669,3950506,3950557,52
gene-b4670,yjeV,49,coding,gene-b4670,4392891,4392945,55
gene-b4671,ykgR,78,coding,gene-b4671,313140,313242,103
gene-b4672,ymiB,50,coding,gene-b4672,1346795,1346900,106
gene-b4673,ymjD,21,coding,gene-b4673,1390867,1390933,67
gene-b4674,ynbG,46,coding,gene-b4674,1465164,1465230,67
gene-b4675,yoaJ,6,coding,gene-b4675,1878873,1878948,76
gene-b4676,yoaK,21,coding,gene-b4676,1878772,1878871,100
gene-b4677,yobI,35,coding,gene-b4677,1946114,1946180,67
gene-b4678,yoeI,7,coding,gene-b4678,2087051,2087114,64
gene-b4679,yohP,53,coding,gene-b4679,2228981,2229065,85
gene-b4680,ypdK,48,coding,gene-b4680,2496920,2496992,73
gene-b4682,yqcG,75,coding,gene-b4682,2905556,2905697,142
gene-b4683,yqeL,24,coding,gene-b4683,2989818,2989899,82
gene-b4684,yqfG,22,coding,gene-b4684,3032816,3032942,127
gene-b4685,yrbN,19,coding,gene-b4685,3307852,3307933,82
gene-b4686,yshB,60,coding,gene-b4686,4053646,4053757,112
gene-b4687,shoB,47,coding,gene-b4687,2700116,2700197,82
gene-b4688,ykgS,44,coding,gene-b4688,290509,290638,130
gene-b4690,eyeA,72,coding,gene-b4690,272579,272654,76
gene-b4691,sroH,43,coding,gene-b4691,4190326,4190487,162
gene-b4698,mgrR,13,coding,gene-b4698,1622816,1622914,99
gene-b4699,fnrS,29,coding,gene-b4699,1409128,1409250,123
gene-b4701,sokX,28,coding,gene-b4701,2887352,2887411,60
gene-b4702,mgtL,38,coding,gene-b4702,4467430,4467484,55
gene-b4703,pmrR,34,coding,gene-b4703,4332115,4332205,91
gene-b4704,arrS,67,coding,gene-b4704,3657984,3658054,71
gene-b4709,insA9,49,coding,gene-b4709,258344,258620,277
gene-b4710,insB9,119,coding,gene-b4710,257922,258426,505
gene-b4711,insH21,305,coding,gene-b4711,1299566,1300547,982
gene-b4712,agrA,67,coding,gene-b4712,3648062,3648144,83
gene-b4713,agrB,46,coding,gene-b4713,3648293,3648375,83
gene-b4715,ytiA,72,coding,gene-b4715,4563667,4563925,259
gene-b4716,cpxQ,9,coding,gene-b4716,4106329,4106387,59
gene-b4717,micL,78,coding,gene-b4717,1958440,1958520,81
gene-b4718,gadF,28,coding,gene-b4718,3658991,3659082,92
gene-b4719,sdsN,68,coding,gene-b4719,1996920,1997057,138
gene-b4720,ytiC,90,coding,gene-b4720,4556573,4556675,103
gene-b4721,ytiD,44,coding,gene-b4721,4556653,4556797,145
gene-b4722,idlP,28,coding,gene-b4722,4556912,4556996,85
gene-b4723,ymcF,45,coding,gene-b4723,1051683,1051872,190
gene-b4724,ynfQ,63,coding,gene-b4724,1638255,1638444,190
gene-b4725,rseD,40,coding,gene-b4725,2710008,2710164,157
gene-b4726,yabR,31,coding,gene-b4726,85466,85511,46
gene-b4727,yacM,9,coding,gene-b4727,113243,113288,46
gene-b4728,yadW,16,coding,gene-b4728,176551,176617,67
gene-b4729,ykgV,77,coding,gene-b4729,294917,295142,226
gene-b4730,yahV,91,coding,gene-b4730,331801,331876,76
gene-b4731,ykiC,26,coding,gene-b4731,383959,384079,121
gene-b4732,ykiD,78,coding,gene-b4732,408946,409030,85
gene-b4733,ylcJ,65,coding,gene-b4733,568694,568844,151
gene-b4734,yldA,17,coding,gene-b4734,643329,643419,91
gene-b4735,ybgU,23,coding,gene-b4735,754673,754781,109
gene-b4736,yliM,46,coding,gene-b4736,850331,850397,67
gene-b4737,ymdG,39,coding,gene-b4737,1079119,1079146,28
gene-b4738,ymgK,56,coding,gene-b4738,1212259,1212304,46
gene-b4739,ymgL,69,coding,gene-b4739,1212539,1212650,112
gene-b4740,ymgM,65,coding,gene-b4740,1240259,1240463,205
gene-b4741,ymiC,28,coding,gene-b4741,1335571,1335667,97
gene-b4742,ymjE,38,coding,gene-b4742,1359176,1359341,166
gene-b4743,ynaL,40,coding,gene-b4743,1409307,1409481,175
gene-b4744,ynaM,43,coding,gene-b4744,1434292,1434406,115
gene-b4745,yncO,11,coding,gene-b4745,1530318,1530504,187
gene-b4746,yddY,7,coding,gene-b4746,1567177,1567219,43
gene-b4747,yneP,51,coding,gene-b4747,1579544,1579667,124
gene-b4748,ynfT,89,coding,gene-b4748,1632889,1633003,115
gene-b4749,ynfR,27,coding,gene-b4749,1638187,1638253,67
gene-b4750,ynfS,19,coding,gene-b4750,1642121,1642211,91
gene-b4751,yoaL,31,coding,gene-b4751,1901572,1901731,160
gene-b4752,yecU,110,coding,gene-b4752,1995654,1995831,178
gene-b4753,yqfH,16,coding,gene-b4753,3032938,3033010,73
gene-b4754,yqfI,57,coding,gene-b4754,3050957,3051041,85
gene-b4755,yqhI,63,coding,gene-b4755,3147596,3147740,145
gene-b4756,yqiD,27,coding,gene-b4756,3183380,3183551,172
gene-b4757,ysdD,66,coding,gene-b4757,3884025,3884106,82
gene-b4758,pspH,33,coding,gene-b4758,4263138,4263249,112
gene-b4759,3'ETS-leuZ,29,coding,gene-b4759,1991747,1991814,68
gene-b4760,rirA,15,coding,gene-b4760,3808165,3808238,74
gene-b4761,sroE,12,coding,gene-b4761,2640594,2640686,93
gene-b4762,sroA,27,coding,gene-b4762,75515,75608,94
gene-b4763,sroC,30,coding,gene-b4763,686680,686843,164
gene-b4764,sdhX,28,coding,gene-b4764,765049,765150,102
gene-b4765,yadX,34,coding,gene-b4765,175047,175095,49
gene-b4766,argL,20,coding,gene-b4766,290274,290370,97
gene-b4767,ytiB,63,coding,gene-b4767,391591,391648,58
gene-b4768,ybgV,26,coding,gene-b4768,754657,754690,34
gene-b4769,ybiE,6,coding,gene-b4769,837502,837562,61
gene-b4770,yljB,28,coding,gene-b4770,922739,922814,76
gene-b4771,ychT,74,coding,gene-b4771,1298513,1298567,55
gene-b4772,ymiD,45,coding,gene-b4772,1344646,1344775,130
gene-b4773,ynaN,47,coding,gene-b4773,1407988,1408036,49
gene-b4774,yncP,12,coding,gene-b4774,1491875,1491944,70
gene-b4775,mgtT,28,coding,gene-b4775,1622740,1622845,106
gene-b4776,ynfU,98,coding,gene-b4776,1640804,1640975,172
gene-b4777,mdtU,28,coding,gene-b4777,1673607,1673709,103
gene-b4778,yecV,15,coding,gene-b4778,1961836,1961881,46
gene-b4779,yoaM,27,coding,gene-b4779,2347349,2347385,37
gene-b4780,yodE,45,coding,gene-b4780,2470496,2470643,148
gene-b4781,evgL,77,coding,gene-b4781,2483728,2483758,31
gene-b4782,pssL,15,coding,gene-b4782,2722701,2722743,43
gene-b4783,yfiS,51,coding,gene-b4783,2725924,2725987,64
gene-b4784,yqgG,21,coding,gene-b4784,3086144,3086288,145
gene-b4785,yqgH,28,coding,gene-b4785,3109316,3109400,85
gene-b4787,yqiM,55,coding,gene-b4787,3247667,3247751,85
gene-b4788,yhgO,25,coding,gene-b4788,3573659,3573701,43
gene-b4790,yhiY,33,coding,gene-b4790,3630664,3630778,115
gene-b4791,yriA,12,coding,gene-b4791,3640611,3640686,76
gene-b4793,ysaE,42,coding,gene-b4793,3720399,3720471,73
gene-b4794,baxL,3,coding,gene-b4794,3737176,3737203,28
gene-b4798,ysdE,19,coding,gene-b4798,3853765,3853840,76
gene-b4799,ysgD,27,coding,gene-b4799,4001217,4001274,58
gene-b4800,ytgA,13,coding,gene-b4800,4486104,4486155,52
gene-b4801,ykiE,43,coding,gene-b4801,4518371,4518440,70
gene-b4802,ythB,50,coding,gene-b4802,4536596,4536695,100
gene-b4803,speFL,51,coding,gene-b4803,720717,720822,106
gene-b4804,rbsZ,25,coding,gene-b4804,3937044,3937278,235
gene-b4805,raiZ,16,coding,gene-b4805,2737380,2737542,163
gene-b4806,C0293,62,coding,gene-b4806,1196710,1196782,73
gene-b4807,malH,41,coding,gene-b4807,4242530,4242633,104
gene-b4808,chiZ,66,coding,gene-b4808,708235,708333,99
gene-b4809,ispZ,14,coding,gene-b4809,194783,194844,62
gene-b4811,timR,26,coding,gene-b4811,2653355,2653455,101
gene-b4813,narS,44,coding,gene-b4813,1279336,1279520,185
gene-b4814,zbiJ,10,coding,gene-b4814,837434,837531,98
gene-b4817,ynhH,100,coding,gene-b4817,1755495,1755690,196
gene-b4818,yoeJ,14,coding,gene-b4818,2079426,2079477,52
gene-b4819,ypeD,19,coding,gene-b4819,2512686,2512776,91
gene-b4821,ytcB,55,coding,gene-b4821,4287610,4287667,58
gene-b4822,ytgB,25,coding,gene-b4822,4486042,4486099,58
gene-b4823,ytiE,28,coding,gene-b4823,4568691,4568727,37
gene-b4824,ytjE,36,coding,gene-b4824,4640717,4640771,55
gene-b4825,aspX,12,coding,gene-b4825,4366838,4366951,114
gene-b4826,flgO,15,coding,gene-b4826,1140985,1141063,79
gene-b4827,fliX,62,coding,gene-b4827,2001911,2002106,196
gene-b4828,motR,17,coding,gene-b4828,1977207,1977302,96
gene-b4829,uhpU,10,coding,gene-b4829,3845729,3845995,267
gene-b4831,allZ,5,coding,gene-b4831,533628,533863,236
gene-b4832,bhsB,8,coding,gene-b4832,1169302,1169402,101
gene-b4833,kilS,37,coding,gene-b4833,1418404,1418502,99
gene-b4834,xylZ,16,coding,gene-b4834,3729385,3729545,161
gene-b4835,sokE,61,coding,gene-b4835,607732,607792,61
